algorithm,budget,budget_index,case_id,case_runtime_seconds,central_sites,compute_ratio,compute_used,compute_utilization,demand_pattern,experiment,fixed_cost,individually_affordable_sites,information,interface_utilization,local_sites,max_revenue,method,multi_operator_sites,n_areas,n_sites,no_deployment,operator_0_coverage,operator_1_coverage,operator_2_coverage,planner_time_limit_seconds,planning_error,planning_profit,planning_seconds,planning_status,profile,profit,qualifying_coverage,qualifying_demand,realized_profit,regional_sites,revenue,revenue_normalized_profit,seed,selected_compute_capacity,selected_interface_capacity,selected_sites,sites,stranded_expenditure,throughput_ratio,throughput_used,topology,total_demand,total_expenditure,unserved_demand,variable_cost,worker_peak_rss_mb
greedy_local_search,4201.341935266916,0,scaling:asymmetric:a100:s200:r000,498.0440014710184,5,3.0,11051.711152801985,0.5526629510881792,hotspots,scaling,2936.801166535624,200,catalog/geography,0.5526629510881793,0,41666.66666666666,Catalog + geography,5,100,200,0,0.09554509741344876,0.2637013167225359,0.2076831187794614,600,5412.707752131359,9132.314306887381,260.82932799099945,local_optimum,moderate,3719.606554756023,0.17682737844483176,7367.807435201323,3719.606554756023,1,7367.807435201324,0.08927055731414457,80000,19997.199253254534,13331.466168836354,"[""R018"", ""C000"", ""C005"", ""C007"", ""C010"", ""C011""]",6,0.0,3.0,7367.807435201323,asymmetric,41666.666666666664,3648.2008804453008,34298.859231465336,711.3997139096771,167.7265625
greedy_local_search,4201.341935266916,0,scaling:asymmetric:a100:s200:r000,498.0440014710184,4,3.0,18072.052289675954,0.9999999999999998,hotspots,scaling,2954.1918562822993,200,truthful resolved feasibility,1.0000000000000002,1,41666.66666666666,Current feasibility,7,100,200,0,0.19580298804066984,0.3925402070848785,0.31826209768403196,600,0.0,7851.097560265792,236.48656065191608,local_optimum,moderate,7851.097560265792,0.28915283663481534,12048.034859783971,7851.097560265792,2,12048.03485978397,0.18842634144637904,80000,18072.052289675958,12048.03485978397,"[""L116"", ""R009"", ""R018"", ""C001"", ""C004"", ""C007"", ""C010""]",7,0.0,3.0,12048.034859783971,asymmetric,41666.666666666664,4196.9372995181775,29618.63180688269,1242.745443235878,167.7265625
greedy_local_search,1005.0317062358741,0,scaling:asymmetric:a24:s48:r000,1.4642793190432712,1,3.0,1408.5538285257635,0.3249670068906705,hotspots,scaling,626.7729193125988,48,catalog/geography,0.32496700689067065,1,9999.999999999998,Catalog + geography,2,24,48,0,0.023545282071024822,0.09872032720756257,0.2437804855688808,600,1709.0863158818422,1896.9174569953911,0.9736386969452724,local_optimum,moderate,187.83114111354894,0.09390358856838425,939.0358856838425,187.83114111354894,0,939.0358856838424,0.018783114111354898,80000,4334.451801747514,2889.6345344983415,"[""L000"", ""C002""]",2,0.0,3.0,939.0358856838425,asymmetric,10000.0,751.2047445702934,9060.964114316157,124.43182525769465,67.125
greedy_local_search,1005.0317062358741,0,scaling:asymmetric:a24:s48:r000,1.4642793190432712,1,3.0,3505.9603348846654,1.0,hotspots,scaling,585.9770829804276,48,truthful resolved feasibility,1.0000000000000002,0,9999.999999999998,Current feasibility,1,24,48,0,0.07004362172589727,0.35818514061805934,0.3842312999966822,600,0.0,1494.3712516556056,0.44943841197527945,local_optimum,moderate,1494.3712516556056,0.23373068899231098,2337.30688992311,1494.3712516556056,0,2337.30688992311,0.1494371251655606,80000,3505.9603348846654,2337.30688992311,"[""C001""]",1,0.0,3.0,2337.3068899231102,asymmetric,10000.0,842.9356382675041,7662.693110076891,256.9585552870766,67.125
greedy_local_search,10564.699442522116,0,scaling:asymmetric:a250:s500:r000,1208.441126046935,1,3.0,2992.490256879229,0.7824147326094071,hotspots,scaling,483.10182253457396,500,catalog/geography,0.7824147326094071,0,104166.66666666664,Catalog + geography,1,250,500,0,0.0,0.036162611269944835,0.032475118497731846,600,518.3989666539692,1803.228596208462,600.6547033890383,time_limit,moderate,1284.8296295544928,0.01915193764402706,1994.9935045861523,1284.8296295544928,0,1994.9935045861523,0.012334364443723133,80000,3824.6854668739015,2549.7903112492677,"[""C027""]",1,0.0,3.0,1994.9935045861528,asymmetric,104166.66666666667,710.1638750316596,102171.67316208052,227.0620524970856,729.9609375
greedy_local_search,10564.699442522116,0,scaling:asymmetric:a250:s500:r000,1208.441126046935,2,3.0,7187.473100945511,1.0000000000000002,hotspots,scaling,1039.4402903023185,500,truthful resolved feasibility,0.9999999999999998,0,104166.66666666664,Current feasibility,2,250,500,0,0.05354909164915611,0.018938962247255622,0.07637049908695774,600,0.0,3341.1438677634183,600.3466484999517,time_limit,moderate,3341.1438677634183,0.04599982784605127,4791.648733963674,3341.1438677634183,0,4791.648733963674,0.03207498113052882,80000,7187.47310094551,4791.648733963674,"[""C009"", ""C012""]",2,0.0,3.0,4791.648733963673,asymmetric,104166.66666666667,1450.504866200256,99375.017932703,411.0645758979374,729.9609375
greedy_local_search,4175.108032000949,0,scaling:multi_hotspot:a100:s200:r000,472.37032673100475,5,3.0,9502.522599604878,0.4894269783717852,hotspots,scaling,3012.7040587919714,200,catalog/geography,0.48942697837178495,0,41666.666666666664,Catalog + geography,2,100,200,0,0.21949483193744293,0.08485735745160855,0.11783806056882873,600,6083.122475881684,8817.961733460392,282.93417406699155,local_optimum,moderate,2734.8392575787075,0.15204036159367804,6335.015066403252,2734.8392575787075,1,6335.015066403252,0.06563614218188898,80000,19415.6084963229,12943.738997548608,"[""R019"", ""C002"", ""C005"", ""C007"", ""C008"", ""C011""]",6,0.0,3.0,6335.015066403252,multi_hotspot,41666.666666666664,3600.175808824544,35331.651600263416,587.4717500325729,173.109375
greedy_local_search,4175.108032000949,0,scaling:multi_hotspot:a100:s200:r000,472.37032673100475,3,3.0,16647.952658425664,1.0000000000000002,hotspots,scaling,2935.4368052330387,200,truthful resolved feasibility,0.9999999999999999,1,41666.666666666664,Current feasibility,8,100,200,0,0.2301855398287337,0.28025048931279833,0.3234803917620052,600,0.0,7021.0738122840285,188.71577159606386,local_optimum,moderate,7021.0738122840285,0.2663672425348106,11098.63510561711,7021.0738122840285,4,11098.63510561711,0.1685057714948167,80000,16647.95265842566,11098.635105617112,"[""L052"", ""R009"", ""R017"", ""R019"", ""R025"", ""C004"", ""C007"", ""C010""]",8,0.0,3.0,11098.63510561711,multi_hotspot,41666.666666666664,4077.5612933330813,30568.031561049556,1142.1244881000423,173.109375
greedy_local_search,1016.2622304297187,0,scaling:multi_hotspot:a24:s48:r000,1.7750154710374773,0,3.0,3278.7757077174383,1.0,hotspots,scaling,599.4719608031435,48,catalog/geography,1.0,0,10000.000000000002,Catalog + geography,2,24,48,0,0.23579654731994182,0.13377837350181962,0.3282708508077594,600,0.2537889766401804,1264.5986047363592,0.9680297339800745,local_optimum,moderate,1264.344815759719,0.21858504718116256,2185.8504718116255,1264.344815759719,2,2185.8504718116255,0.12643448157597187,80000,3278.7757077174383,2185.8504718116255,"[""R006"", ""R007""]",2,0.0,3.0,2185.8504718116255,multi_hotspot,10000.0,921.5056560519065,7814.1495281883745,322.033695248763,67.69921875
greedy_local_search,1016.2622304297187,0,scaling:multi_hotspot:a24:s48:r000,1.7750154710374773,0,3.0,3278.7757077174383,1.0,hotspots,scaling,599.4719608031435,48,truthful resolved feasibility,1.0,0,10000.000000000002,Current feasibility,2,24,48,0,0.23579654731994182,0.13377837350181962,0.3282708508077594,600,0.0,1264.344815759719,0.7567039259010926,local_optimum,moderate,1264.344815759719,0.21858504718116256,2185.8504718116255,1264.344815759719,2,2185.8504718116255,0.12643448157597187,80000,3278.7757077174383,2185.8504718116255,"[""R006"", ""R007""]",2,0.0,3.0,2185.8504718116255,multi_hotspot,10000.0,921.5056560519065,7814.1495281883745,322.033695248763,67.69921875
greedy_local_search,10538.218124775132,0,scaling:multi_hotspot:a250:s500:r000,1209.0276167069096,1,3.0,3734.582300462136,1.0,hotspots,scaling,523.1390533515953,500,catalog/geography,0.9999999999999998,0,104166.66666666667,Catalog + geography,1,250,500,0,0.0199162761005752,0.031551596085821525,0.01947971923830648,600,0.0,1769.5030835719886,601.275338881067,time_limit,moderate,1769.5030835719886,0.02390132672295767,2489.721533641424,1769.5030835719886,0,2489.721533641424,0.016987229602291088,80000,3734.582300462136,2489.7215336414242,"[""C028""]",1,0.0,3.0,2489.721533641424,multi_hotspot,104166.66666666667,720.2184500694352,101676.94513302525,197.07939671783996,737.22265625
greedy_local_search,10538.218124775132,0,scaling:multi_hotspot:a250:s500:r000,1209.0276167069096,2,3.0,7478.867966396403,1.0,hotspots,scaling,1072.0066770447233,500,truthful resolved feasibility,1.0,0,104166.66666666667,Current feasibility,2,250,500,0,0.032560582123454876,0.06271212141264457,0.05631625267478339,600,0.0,3491.904133999301,600.4522727979347,time_limit,moderate,3491.904133999301,0.04786475498493699,4985.911977597602,3491.904133999301,0,4985.911977597601,0.033522279686393285,80000,7478.867966396403,4985.911977597601,"[""C022"", ""C028""]",2,0.0,3.0,4985.911977597601,multi_hotspot,104166.66666666667,1494.0078435983005,99180.75468906907,422.00116655357704,737.22265625
greedy_local_search,4198.8333916804995,0,scaling:regular:a100:s200:r000,353.0000560010085,5,3.0,12717.185246340021,0.6350385998939865,uniform,scaling,2900.23633487187,200,catalog/geography,0.635038599893987,0,41666.66666666665,Catalog + geography,4,100,200,0,0.1710186562214317,0.2412029314941573,0.21047771309420538,600,4322.683777845264,9093.708622696897,178.13779905403499,local_optimum,moderate,4771.024844851633,0.2034749639414404,8478.123497560015,4771.024844851633,1,8478.123497560015,0.11450459627643925,80000,20025.846064259764,13350.564042839835,"[""R005"", ""C003"", ""C005"", ""C007"", ""C009"", ""C010""]",6,0.0,3.0,8478.123497560016,regular,41666.666666666664,3707.0986527083815,33188.54316910665,806.8623178365112,165.8828125
greedy_local_search,4198.8333916804995,0,scaling:regular:a100:s200:r000,353.0000560010085,3,3.0,17565.132770507495,0.9993775452568489,uniform,scaling,2950.4522262237497,200,truthful resolved feasibility,0.9993775452568492,1,41666.66666666665,Current feasibility,8,100,200,0,0.26121656100430096,0.20697460005486812,0.4552678092849033,600,0.0,7530.897726476596,174.16823167505208,local_optimum,moderate,7530.897726476596,0.28104212432812,11710.088513671662,7530.897726476596,4,11710.088513671662,0.18074154543543838,80000,17576.073080562463,11717.382053708303,"[""L030"", ""R001"", ""R005"", ""R016"", ""R024"", ""C001"", ""C007"", ""C010""]",8,0.0,3.0,11710.088513671662,regular,41666.666666666664,4179.190787195066,29956.578152994996,1228.738560971317,165.8828125
greedy_local_search,1001.340353072722,0,scaling:regular:a24:s48:r000,1.8147757420083508,0,3.0,2902.8770442242517,0.8092974985434775,uniform,scaling,670.0184040904767,48,catalog/geography,0.8092974985434777,1,9999.999999999996,Catalog + geography,3,24,48,0,0.21187647120069125,0.13919593660210114,0.24731073215285176,600,396.1117262136056,1390.2988063170344,1.2198748849332333,local_optimum,moderate,994.1870801034288,0.19352513628161677,1935.2513628161678,994.1870801034288,2,1935.2513628161676,0.09941870801034292,80000,3586.9096956912213,2391.2731304608137,"[""L028"", ""R005"", ""R008""]",3,0.0,3.0,1935.2513628161676,regular,10000.0,941.0642827127388,8064.748637183831,271.0458786222621,67.421875
greedy_local_search,1001.340353072722,0,scaling:regular:a24:s48:r000,1.8147757420083508,1,3.0,4286.478669593833,0.9703550423309346,uniform,scaling,680.1976921935716,48,truthful resolved feasibility,0.9703550423309347,1,9999.999999999996,Current feasibility,2,24,48,0,0.23878357271105197,0.31747544140506073,0.3359811621392214,600,0.0,1866.8559762874577,0.5494064649101347,local_optimum,moderate,1866.8559762874577,0.2857652446395889,2857.652446395889,1866.8559762874577,0,2857.6524463958885,0.18668559762874584,80000,4417.433292557624,2944.9555283717486,"[""L004"", ""C001""]",2,0.0,3.0,2857.6524463958885,regular,10000.0,990.7964701084309,7142.34755360411,310.5987779148592,67.421875
greedy_local_search,10563.612444121945,0,scaling:regular:a250:s500:r000,1208.8866955479607,1,3.0,3306.256437161455,0.9161365212392941,uniform,scaling,513.0661944319884,500,catalog/geography,0.9161365212392945,0,104166.66666666666,Catalog + geography,1,250,500,0,0.02991906417927307,0.0,0.03848231158580215,600,218.6072762953877,1706.8977785792686,601.1445253719576,time_limit,moderate,1488.2905022838809,0.021160041197833313,2204.170958107637,1488.2905022838809,0,2204.170958107637,0.014287588821925257,80000,3608.9123842470017,2405.9415894980007,"[""C017""]",1,0.0,3.0,2204.170958107637,regular,104166.66666666667,715.8804558237562,101962.49570855904,202.81426139176773,721.81640625
greedy_local_search,10563.612444121945,0,scaling:regular:a250:s500:r000,1208.8866955479607,2,3.0,7208.9325730317,0.9999999999999998,uniform,scaling,1057.243355421971,500,truthful resolved feasibility,1.0,0,104166.66666666666,Current feasibility,2,250,500,0,0.029145907936222158,0.05095549736498954,0.07593542909178283,600,0.0,3293.0782917763954,600.4227997489506,time_limit,moderate,3293.0782917763954,0.046137168467402866,4805.9550486878,3293.0782917763954,0,4805.955048687801,0.0316135516010534,80000,7208.932573031701,4805.9550486878,"[""C005"", ""C018""]",2,0.0,3.0,4805.9550486878,regular,104166.66666666667,1512.8767569114054,99360.71161797887,455.63340148943445,721.81640625
