actual_support,area,catalog_assignment,demand,group_id,informed_assignment,mno,site_id
1,0,0.0,295.2589935037175,A000:MNO_2:moderate,231.40874382450673,2,R000
1,1,0.0,69.41491367459825,A001:MNO_2:moderate,69.41491367459825,2,R000
1,2,0.0,86.69193105330574,A002:MNO_1:moderate,13.791411839479327,1,L015
1,2,86.69193105330574,86.69193105330574,A002:MNO_1:moderate,0.0,1,R002
1,2,49.538246316174714,49.538246316174714,A002:MNO_2:moderate,49.538246316174714,2,C001
1,3,0.0,152.77826769576112,A003:MNO_0:moderate,52.396178714299886,0,R003
1,3,118.82754154114753,118.82754154114753,A003:MNO_1:moderate,0.0,1,R002
1,3,-0.0,118.82754154114753,A003:MNO_1:moderate,118.82754154114753,1,C001
1,3,67.90145230922717,67.90145230922717,A003:MNO_2:moderate,67.90145230922717,2,C001
1,4,90.43873536741816,90.43873536741816,A004:MNO_1:moderate,0.0,1,R002
1,4,-0.0,90.43873536741816,A004:MNO_1:moderate,90.43873536741816,1,C001
1,4,51.67927735281038,51.67927735281038,A004:MNO_2:moderate,51.67927735281038,2,C001
1,5,34.95993803010165,34.95993803010165,A005:MNO_2:moderate,0.0,2,R002
1,5,0.0,34.95993803010165,A005:MNO_2:moderate,34.95993803010165,2,R004
1,6,0.0,67.63047689299597,A006:MNO_2:moderate,67.63047689299597,2,R000
1,7,115.38865556834618,115.38865556834618,A007:MNO_0:moderate,115.38865556834618,0,C001
1,7,0.0,89.74673210871369,A007:MNO_1:moderate,57.09993739200836,1,R003
1,7,89.74673210871369,89.74673210871369,A007:MNO_1:moderate,32.64679471670533,1,C001
1,7,51.28384691926497,51.28384691926497,A007:MNO_2:moderate,51.28384691926497,2,R006
1,8,150.31090271305885,150.31090271305885,A008:MNO_0:moderate,150.31090271305885,0,C001
1,8,116.90847988793465,116.90847988793465,A008:MNO_1:moderate,116.90847988793465,1,C001
1,8,66.80484565024838,66.80484565024838,A008:MNO_2:moderate,66.80484565024838,2,C001
1,9,0.0,665.0007477084388,A009:MNO_0:moderate,130.01911770597533,0,L015
1,9,0.0,665.0007477084388,A009:MNO_0:moderate,161.84505843195257,0,R003
1,9,0.0,665.0007477084388,A009:MNO_0:moderate,373.1365715705109,0,R004
1,9,0.0,517.2228037732301,A009:MNO_1:moderate,517.2228037732301,1,R000
1,9,407.05404871345746,517.2228037732301,A009:MNO_1:moderate,0.0,1,R002
1,9,110.16875505977265,517.2228037732301,A009:MNO_1:moderate,0.0,1,C001
1,9,39.393553670554184,295.5558878704173,A009:MNO_2:moderate,39.39355367055441,2,R008
1,9,256.1623341998631,295.5558878704173,A009:MNO_2:moderate,256.16233419986287,2,C001
1,10,0.0,146.71886567205505,A010:MNO_0:moderate,146.71886567205505,0,R004
1,10,0.0,114.11467330048724,A010:MNO_1:moderate,16.503757794487164,1,R004
1,10,14.624867301415222,114.11467330048724,A010:MNO_1:moderate,0.0,1,R005
1,10,99.48980599907202,114.11467330048724,A010:MNO_1:moderate,97.61091550600008,1,C001
1,10,65.20838474313557,65.20838474313557,A010:MNO_2:moderate,65.20838474313557,2,C001
1,11,82.47927541137128,82.47927541137128,A011:MNO_0:moderate,82.47927541137128,0,R008
1,11,64.15054754217765,64.15054754217765,A011:MNO_1:moderate,0.0,1,R005
1,11,36.657455738387235,36.657455738387235,A011:MNO_2:moderate,36.657455738387235,2,C001
1,12,119.01756627102723,119.01756627102723,A012:MNO_0:moderate,119.01756627102723,0,C001
1,12,0.0,92.56921821079895,A012:MNO_1:moderate,92.56921821079895,1,R003
1,12,52.89669612045655,52.89669612045655,A012:MNO_2:moderate,52.89669612045655,2,R006
1,13,-0.0,142.04121793884445,A013:MNO_0:moderate,106.21420877968714,0,R006
1,13,142.04121793884445,142.04121793884445,A013:MNO_0:moderate,35.82700915915731,0,C001
1,13,0.0,110.47650284132347,A013:MNO_1:moderate,110.47650284132347,1,R003
1,13,63.129430195041984,63.129430195041984,A013:MNO_2:moderate,63.129430195041984,2,R006
1,14,126.5144778309814,126.5144778309814,A014:MNO_0:moderate,126.5144778309814,0,C001
1,14,0.0,98.40014942409664,A014:MNO_1:moderate,98.40014942409664,1,L015
1,14,56.22865681376951,56.22865681376951,A014:MNO_2:moderate,56.22865681376951,2,C001
1,15,106.21420877968728,125.00437467328958,A015:MNO_0:moderate,0.0,0,R005
1,15,18.790165893602296,125.00437467328958,A015:MNO_0:moderate,125.00437467328958,0,C001
1,15,0.0,97.22562474589189,A015:MNO_1:moderate,97.22562474589189,1,L015
1,15,97.22562474589189,97.22562474589189,A015:MNO_1:moderate,-0.0,1,C001
1,15,55.55749985479537,55.55749985479537,A015:MNO_2:moderate,55.55749985479537,2,C001
1,16,29.28279680292009,101.88765326461271,A016:MNO_0:moderate,29.28279680292009,0,R008
1,16,72.60485646169262,101.88765326461271,A016:MNO_0:moderate,72.60485646169262,0,C001
1,16,0.0,79.24595253914322,A016:MNO_1:moderate,22.139021756964134,1,L015
1,16,79.24595253914322,79.24595253914322,A016:MNO_1:moderate,0.0,1,R005
1,16,0.0,79.24595253914322,A016:MNO_1:moderate,57.106930782179084,1,C001
1,16,45.28340145093898,45.28340145093898,A016:MNO_2:moderate,45.28340145093898,2,C001
1,17,76.68047696973508,76.68047696973508,A017:MNO_0:moderate,76.68047696973508,0,R008
1,17,5.212368157125461,59.640370976460616,A017:MNO_1:moderate,0.0,1,R005
1,17,54.428002819335155,59.640370976460616,A017:MNO_1:moderate,59.640370976460616,1,R008
1,17,34.080211986548925,34.080211986548925,A017:MNO_2:moderate,0.0,2,R005
1,18,0.0,166.95551513896203,A018:MNO_0:moderate,166.95551513896203,0,R003
1,18,0.0,129.854289552526,A018:MNO_1:moderate,129.854289552526,1,R003
1,18,74.20245117287202,74.20245117287202,A018:MNO_2:moderate,74.20245117287202,2,R006
1,19,272.75535986436284,664.6393706282773,A019:MNO_0:moderate,664.6393706282773,0,R006
1,19,391.8840107639145,664.6393706282773,A019:MNO_0:moderate,0.0,0,C000
1,19,295.39527583478997,295.39527583478997,A019:MNO_2:moderate,0.0,2,R002
1,19,0.0,295.39527583478997,A019:MNO_2:moderate,295.39527583478997,2,R004
1,20,151.631063297109,151.631063297109,A020:MNO_0:moderate,151.631063297109,0,C001
1,20,117.93527145330698,117.93527145330698,A020:MNO_1:moderate,112.72290329618153,1,R008
1,20,0.0,67.391583687604,A020:MNO_2:moderate,67.391583687604,2,L015
1,20,67.391583687604,67.391583687604,A020:MNO_2:moderate,0.0,2,R005
1,21,84.70442818710298,84.70442818710298,A021:MNO_0:moderate,84.70442818710298,0,R008
1,21,65.8812219233023,65.8812219233023,A021:MNO_1:moderate,65.8812219233023,1,R008
1,21,37.64641252760132,37.64641252760132,A021:MNO_2:moderate,0.0,2,R005
1,22,76.17717762396684,76.17717762396684,A022:MNO_0:moderate,76.17717762396684,0,R008
1,22,59.24891592975198,59.24891592975198,A022:MNO_1:moderate,59.24891592975198,1,R008
1,22,33.85652338842971,33.85652338842971,A022:MNO_2:moderate,0.0,2,R005
1,23,72.98581042366366,72.98581042366366,A023:MNO_0:moderate,72.98581042366366,0,R008
1,23,56.766741440627285,56.766741440627285,A023:MNO_1:moderate,56.766741440627285,1,R008
1,23,32.43813796607274,32.43813796607274,A023:MNO_2:moderate,0.0,2,R005
