detection_fraction,refund_fraction,conditions,early_information_advantage,revenue_difference,fixed_cost_difference,variable_cost_difference,unrecovered_expenditure,added_sites,removed_sites,retained_sites,information_points
0.0,0.0,60,1174.863779752845,1198.7062236819309,-153.93969764873475,177.7821415778211,93.92444454276473,0.7166666666666667,0.18333333333333332,6.583333333333333,11.74863779752845
0.0,0.5,60,810.9463416121303,819.5574282054317,-112.30030545651523,120.91139204981677,250.22828881862776,1.4166666666666667,1.2833333333333334,5.483333333333333,8.109463416121303
0.0,1.0,60,0.0,0.0,0.0,0.0,0.0,3.716666666666667,2.933333333333333,3.8333333333333335,0.0
0.01,0.0,60,1177.4412427975767,1201.7163476858937,-153.81278795382443,178.08789284214123,93.92444454276473,0.7166666666666667,0.18333333333333332,6.583333333333333,11.774412427975767
0.01,0.5,60,816.0430268847903,825.5635495409663,-112.30030545651523,121.82082811269134,250.22828881862776,1.4166666666666667,1.2833333333333334,5.483333333333333,8.160430268847904
0.01,1.0,60,11.440497507531193,6.3975677055218965,-5.255155400753949,0.21222559874467492,0.0,3.8,2.966666666666667,3.8,0.11440497507531193
0.1,0.0,60,1199.8800265788727,1220.2519457704996,-160.77549188446267,181.14741107608975,93.92444454276473,0.7333333333333333,0.18333333333333332,6.583333333333333,11.998800265788727
0.1,0.5,60,862.4189886944213,871.6065114783157,-118.65114848370382,127.83867126759826,259.19277773762013,1.4833333333333334,1.3166666666666667,5.45,8.624189886944214
0.1,1.0,60,117.56841869554634,123.42531288847476,-9.784089554462128,15.640983747390488,0.0,3.783333333333333,2.9,3.8666666666666667,1.1756841869554633
0.25,0.0,60,1240.6525065267367,1267.44486016241,-161.30461577241496,188.0969694080882,93.92444454276473,0.7333333333333333,0.18333333333333332,6.583333333333333,12.406525065267367
0.25,0.5,60,941.5007592449115,952.1461167245321,-132.06100628844348,142.70636376806408,255.52638448233546,1.45,1.3,5.466666666666667,9.415007592449115
0.25,1.0,60,299.5256944407067,306.251430749064,-33.98941880925769,40.71515511761506,0.0,3.933333333333333,2.9,3.8666666666666667,2.9952569444070667
