fixed_cost_multiplier,variable_cost_multiplier,method,outcomes,profit,coverage,no_deployment_rate,individually_affordable_sites
0.5,0.5,Catalog + geography,60,5427.235253340656,0.7439283185018531,0.0,48.0
0.5,0.5,Current feasibility,60,7412.856238115614,0.9823974474251145,0.0,48.0
0.5,1.0,Catalog + geography,60,4824.40061709801,0.7317353318794669,0.0,48.0
0.5,1.0,Current feasibility,60,6647.894011970852,0.9696106230612141,0.0,48.0
0.5,2.0,Catalog + geography,60,3204.8863669852567,0.5870155908325717,0.0,48.0
0.5,2.0,Current feasibility,60,4386.558570351314,0.7528684111250177,0.0,48.0
1.0,0.5,Catalog + geography,60,3518.750998543857,0.6499538991847457,0.0,48.0
1.0,0.5,Current feasibility,60,5108.268192666115,0.8221621087405436,0.0,48.0
1.0,1.0,Catalog + geography,60,2696.6979118577524,0.5598028818891101,0.0,48.0
1.0,1.0,Current feasibility,60,4049.7053564719095,0.7166028028518465,0.0,48.0
1.0,2.0,Catalog + geography,60,1623.0339583540292,0.441224410192339,0.0,48.0
1.0,2.0,Current feasibility,60,2609.571016303006,0.5727413331180176,0.0,48.0
2.0,0.5,Catalog + geography,60,765.4974592688806,0.3737667655235392,0.0,48.0
2.0,0.5,Current feasibility,60,1833.153873153154,0.4886597833489904,0.0,48.0
2.0,1.0,Catalog + geography,60,560.2784766274249,0.345492797017174,0.0,48.0
2.0,1.0,Current feasibility,60,1421.5170152305038,0.4431823757377068,0.0,48.0
2.0,2.0,Catalog + geography,60,48.68648258295983,0.28456682115953047,0.0,48.0
2.0,2.0,Current feasibility,60,817.1357143745594,0.3715309159979537,0.0,48.0
4.0,0.5,Catalog + geography,60,-243.5529330044864,0.039008759899380706,0.7,48.0
4.0,0.5,Current feasibility,60,33.46945880497216,0.05703751798414907,0.75,48.0
4.0,1.0,Catalog + geography,60,-200.59066461263697,0.023097203904445442,0.8,48.0
4.0,1.0,Current feasibility,60,12.807692713794465,0.02783071649212411,0.8833333333333333,48.0
4.0,2.0,Catalog + geography,60,-30.408933203971312,0.004233741080291699,0.9666666666666667,48.0
4.0,2.0,Current feasibility,60,0.5396343645925678,0.004099067912629016,0.9833333333333333,48.0
