topology,budget_index,paired_cases,information_points,median_information_points,profit_difference,coverage_difference,spending_difference,ci_low,ci_high
asymmetric,0,100,7.809982727536149,6.08609838858432,780.9982727536154,0.08833357228554573,102.33745010184222,6.45673407316628,9.196257793935075
asymmetric,1,100,12.500279744145978,11.59194615628568,1250.0279744145982,0.14348676817462983,184.83970733170042,10.826716650752804,14.184782008024339
asymmetric,2,100,16.792572769170977,17.25569403284154,1679.257276917098,0.19829213017442263,303.6640248271287,15.036011380548992,18.509884530690965
asymmetric,3,100,19.347264856405328,19.046579071899075,1934.7264856405336,0.25690391210772767,634.3126354367436,17.739123944745995,20.940034712786247
asymmetric,4,100,19.380717072355115,19.094026536632704,1938.071707235512,0.2584770643553626,646.6989363181146,17.792462669373062,20.98273795062532
multi_hotspot,0,100,4.083604744430101,0.720443436622455,408.36047444301033,0.045999376542713695,51.63329098412688,2.9141686432883196,5.303114772075552
multi_hotspot,1,100,7.301053286637743,6.149358384402616,730.1053286637748,0.08463229807797204,116.21765211594602,6.063236412900138,8.588215340656433
multi_hotspot,2,100,9.635730395275663,9.318785527356283,963.5730395275668,0.11575384072788675,193.96536775130113,8.332145230093817,10.982215577374788
multi_hotspot,3,100,14.012004769618684,13.577899917148901,1401.2004769618686,0.20513682970030847,650.1678200412161,12.61916547924336,15.468264268257476
multi_hotspot,4,100,14.036233879482461,13.577899917148901,1403.6233879482463,0.20642513521843203,660.627964236074,12.607563369548922,15.479547635557772
regular,0,100,5.266531088621299,4.019399672186385,526.6531088621302,0.05782270356082225,51.5739267460926,4.309869196126274,6.25329601174846
regular,1,100,7.986016543820651,7.63956258086559,798.6016543820656,0.08614610269695291,62.85937258746385,6.762800620366455,9.230750041460796
regular,2,100,12.765824223679683,11.695389173402361,1276.5824223679688,0.14415921174300075,165.00969506203884,11.064089555187033,14.463752684242436
regular,3,100,16.05452582405309,15.53830162930887,1605.4525824053094,0.19990873972868065,393.6348148814973,14.551244204385705,17.493770453810487
regular,4,100,16.066077899309455,15.538301629308865,1606.607789930946,0.2002741321000448,396.1335310695021,14.640157141060518,17.56016762122447
