case_id,topology,budget_index,catalog_actual_profit,informed_greedy_profit,exact_informed_profit,catalog_minus_greedy,exact_minus_greedy,exact_minus_catalog,exact_status,exact_mip_gap,exact_seconds,catalog_sites,informed_greedy_sites,exact_sites
final:multi_hotspot:b0:r043,multi_hotspot,0,1199.5534892814517,1134.0418362897706,1320.9539718284038,65.5116529916811,186.91213553863327,121.40048254695216,optimal,0.0,0.37493041693232954,"[""C001"", ""L032""]","[""R004"", ""R007""]","[""L032"", ""C002""]"
final:multi_hotspot:b0:r065,multi_hotspot,0,1460.5661837141038,1287.1093265378854,1460.5661837141038,173.45685717621836,173.45685717621836,0.0,optimal,0.0,0.31416963692754507,"[""C001"", ""L033""]","[""L033"", ""R003"", ""R005""]","[""L033"", ""C001""]"
final:multi_hotspot:b1:r035,multi_hotspot,1,3405.607834192841,3066.0447379597763,3405.607834192841,339.5630962330647,339.5630962330647,0.0,optimal,0.0,0.12490458996035159,"[""C001"", ""C002"", ""R003""]","[""C001"", ""L019"", ""R003"", ""R006""]","[""R003"", ""C001"", ""C002""]"
final:multi_hotspot:b1:r050,multi_hotspot,1,2665.617756249241,2613.564541447123,2665.617756249241,52.05321480211842,52.05321480211842,0.0,optimal,0.0,1.2244195099920034,"[""C001"", ""L017"", ""R004"", ""R007""]","[""R004"", ""R005"", ""R006"", ""R007""]","[""L017"", ""R004"", ""R007"", ""C001""]"
final:multi_hotspot:b1:r056,multi_hotspot,1,2480.780581561694,2402.4590268193233,2497.801048633083,78.32155474237061,95.34202181375986,17.02046707138925,optimal,0.0,0.9535900729242712,"[""C001"", ""L033"", ""R000"", ""R001""]","[""L028"", ""R000"", ""R001"", ""R005"", ""R006""]","[""L028"", ""R000"", ""R001"", ""C001""]"
final:multi_hotspot:b2:r089,multi_hotspot,2,4316.255605412586,4310.169040539347,4324.194661765487,6.086564873238785,14.025621226139265,7.939056352900479,optimal,0.0,0.059699221048504114,"[""C001"", ""R002"", ""R004"", ""R006"", ""R007"", ""R008""]","[""C001"", ""L015"", ""L032"", ""R002"", ""R004"", ""R007"", ""R008""]","[""R002"", ""R003"", ""R004"", ""R007"", ""R008"", ""C001""]"
final:regular:b0:r094,regular,0,1327.8716817112675,1327.6988251583582,1327.8716817112675,0.17285655290925206,0.17285655290925206,0.0,optimal,0.0,0.4975527818314731,"[""L007"", ""R000"", ""R001""]","[""C001"", ""R000""]","[""L007"", ""R000"", ""R001""]"
final:regular:b0:r097,regular,0,1460.7009032253422,1406.4139713573004,1503.4504572717083,54.28693186804185,97.03648591440788,42.74955404636603,optimal,0.0,0.49846707889810205,"[""C001"", ""L020""]","[""L002"", ""R001"", ""R005""]","[""R005"", ""C001""]"
final:regular:b2:r005,regular,2,4259.561050284527,4173.153025495736,4269.001347377579,86.4080247887905,95.84832188184282,9.440297093052322,optimal,0.0,0.7449777200818062,"[""C001"", ""L018"", ""R001"", ""R002"", ""R003"", ""R005"", ""R007""]","[""C001"", ""L018"", ""L021"", ""L034"", ""R001"", ""R003"", ""R005"", ""R007""]","[""L021"", ""R000"", ""R001"", ""R003"", ""R005"", ""R007"", ""C001""]"
final:regular:b2:r025,regular,2,4595.670846236686,4572.303972252119,4629.234750906249,23.366873984567064,56.930778654130336,33.56390466956327,optimal,0.0,0.49614710989408195,"[""C001"", ""L013"", ""R000"", ""R001"", ""R004"", ""R005"", ""R006""]","[""C001"", ""R000"", ""R001"", ""R004"", ""R005"", ""R007""]","[""L013"", ""R000"", ""R001"", ""R005"", ""R006"", ""R007"", ""C001""]"
