profile,sample_count,environments,current_advantage_points,prior_realized_profit,current_profit,prior_coverage,prior_no_deployment_rate,median_runtime_seconds,maximum_mip_gap,optimal_fraction,ci_low,ci_high
moderate,12,15,3.026724938517542,3963.299301616741,4265.971795468496,0.7050186134780394,0.0,36.11635155091062,0.0,1.0,1.7037101602227445,4.448164805439909
moderate,24,15,2.4852840220028147,4017.443393268214,4265.971795468496,0.7112925658056931,0.0,94.4365577090066,0.0,1.0,1.4435396516113508,3.5653280031618717
moderate,48,15,2.6867982425427916,3997.291971214216,4265.971795468496,0.7091936501743027,0.0,243.89611434401013,0.0267608295501712,0.8,1.6842454813018204,3.8536143088207546
relaxed,12,15,0.8465269977341868,5298.896553615758,5383.549253389177,0.8397473154365448,0.0,46.70323389093392,0.0,1.0,0.019619501455065157,1.7966655053739924
relaxed,24,15,0.7756115432448835,5305.988099064688,5383.549253389177,0.841268322597638,0.0,119.20223301206715,0.0147917646019996,0.8666666666666667,-0.011547633673140123,1.7246191830106221
relaxed,48,15,0.8128083457360586,5302.268418815571,5383.549253389177,0.8385658435334222,0.0,243.6196198379621,0.0576919564020291,0.6666666666666666,0.02729697038298201,1.7090616695980572
strict,12,15,11.212160054562984,1588.2122577440757,2709.4282632003747,0.4509674329959022,0.0,2.8833460321184248,0.0,1.0,9.131690655403737,13.389383843075404
strict,24,15,10.907484655069014,1618.679797693473,2709.4282632003747,0.4539392384694049,0.0,6.771071999100968,0.0,1.0,8.898162321875116,12.830612755141418
strict,48,15,9.909644975510789,1718.4637656492953,2709.4282632003747,0.46734433303039913,0.0,29.295342487981543,0.0,1.0,8.339094473195264,11.616244371198073
