compute_ratio,throughput_ratio,method,outcomes,profit,coverage,no_deployment_rate,compute_utilization,interface_utilization
0.75,0.75,Catalog + geography,60,-124.78782033398801,0.026728718010736466,0.43333333333333335,0.36087472000301446,0.36087472000301446
0.75,0.75,Current feasibility,60,8.038037661262887,0.015825295608815754,0.75,0.24741058337360586,0.24741058337360586
0.75,1.5,Catalog + geography,60,-95.25535736292241,0.031013679889811185,0.43333333333333335,0.4078727753284321,0.20393638766421604
0.75,1.5,Current feasibility,60,13.187246871604755,0.02576727721507386,0.6166666666666667,0.38333333333333336,0.19166666666666668
0.75,3.0,Catalog + geography,60,-86.52627892579854,0.031983381613955426,0.43333333333333335,0.4221807242299719,0.10554518105749296
0.75,3.0,Current feasibility,60,14.219942951381318,0.02775971329956152,0.5833333333333334,0.4166666666666667,0.10416666666666666
1.5,0.75,Catalog + geography,60,-124.787820333988,0.02672871801073647,0.43333333333333335,0.18043736000150723,0.36087472000301446
1.5,0.75,Current feasibility,60,8.0380376612629,0.015825295608815758,0.75,0.12370529168680293,0.24741058337360589
1.5,1.5,Catalog + geography,60,436.9899490349281,0.3403189501644364,0.0,0.7090147884957925,0.7090147884957925
1.5,1.5,Current feasibility,60,1197.1533961588352,0.4288327846771242,0.0,0.9683660890826836,0.9683660890826836
1.5,3.0,Catalog + geography,60,772.9050908869523,0.37828057748403854,0.0,0.7858597081516019,0.39292985407580094
1.5,3.0,Current feasibility,60,1379.9303159946523,0.4474823050416396,0.0,0.986522334094127,0.4932611670470635
3.0,0.75,Catalog + geography,60,-124.787820333988,0.02672871801073647,0.43333333333333335,0.0902186800007536,0.36087472000301446
3.0,0.75,Current feasibility,60,8.0380376612629,0.015825295608815758,0.75,0.06185264584340146,0.24741058337360589
3.0,1.5,Catalog + geography,60,436.9899490349283,0.3403189501644364,0.0,0.35450739424789623,0.7090147884957926
3.0,1.5,Current feasibility,60,1197.1533961588357,0.42883278467712427,0.0,0.48418304454134187,0.9683660890826837
3.0,3.0,Catalog + geography,60,2696.6979118577524,0.5598028818891101,0.0,0.7079958317862577,0.7079958317862577
3.0,3.0,Current feasibility,60,4049.7053564719095,0.7166028028518465,0.0,0.9663501791479249,0.9663501791479249
