budget,case_id,difference_from_current,environment_id,expected_profit,mip_gap,profile,qualifying_coverage,realized_profit,reference_profit,revenue_normalized_difference_from_current,revenue_normalized_profit,sample_count,sample_seed_formula,seed,selection_seconds,sites,status,topology,total_expenditure
3184.601958148869,prior:asymmetric:moderate:r000,247.47063935113056,prior:asymmetric:moderate:r000,4040.847768845275,0.0,moderate,0.7228030730305601,4159.585709975328,4407.056349326459,0.02474706393511306,0.4159585709975329,12,90000007 + environment_seed * 101 + sample_index,70000,23.353520425967872,7,optimal,asymmetric,3068.445020330274
3184.601958148869,prior:asymmetric:moderate:r000,136.64958612960618,prior:asymmetric:moderate:r000,3870.8250739959362,0.0,moderate,0.7394330581760847,4270.406763196853,4407.056349326459,0.01366495861296062,0.42704067631968534,24,90000007 + environment_seed * 101 + sample_index,70000,97.04862500494346,6,optimal,asymmetric,3123.9238185639924
3184.601958148869,prior:asymmetric:moderate:r000,471.26649568782113,prior:asymmetric:moderate:r000,3861.411328209712,0.0,moderate,0.7063636128323441,3935.789853638638,4407.056349326459,0.047126649568782125,0.3935789853638639,48,90000007 + environment_seed * 101 + sample_index,70000,207.45175373600796,6,optimal,asymmetric,3127.846274684802
3138.20576777975,prior:asymmetric:moderate:r001,302.74599822183154,prior:asymmetric:moderate:r001,3574.915703887476,0.0,moderate,0.6915051165590013,3808.8807608944962,4111.626759116328,0.030274599822183147,0.3808880760894496,12,90000007 + environment_seed * 101 + sample_index,70001,41.801509856944904,7,optimal,asymmetric,3106.1704046955165
3138.20576777975,prior:asymmetric:moderate:r001,302.74599822183154,prior:asymmetric:moderate:r001,3632.8512736776247,0.0,moderate,0.6915051165590013,3808.8807608944962,4111.626759116328,0.030274599822183147,0.3808880760894496,24,90000007 + environment_seed * 101 + sample_index,70001,155.94733059382997,7,optimal,asymmetric,3106.1704046955165
3138.20576777975,prior:asymmetric:moderate:r001,302.74599822183154,prior:asymmetric:moderate:r001,3566.793753376734,0.004137005132976128,moderate,0.6915051165590013,3808.8807608944962,4111.626759116328,0.030274599822183147,0.3808880760894496,48,90000007 + environment_seed * 101 + sample_index,70001,603.8298409858253,7,time_limit,asymmetric,3106.1704046955165
3190.715725167249,prior:asymmetric:moderate:r002,164.0623732515196,prior:asymmetric:moderate:r002,4129.227558440332,0.0,moderate,0.7401159082570868,4319.0271466912345,4483.089519942754,0.01640623732515196,0.43190271466912356,12,90000007 + environment_seed * 101 + sample_index,70002,34.78637683298439,7,optimal,asymmetric,3082.1319358796345
3190.715725167249,prior:asymmetric:moderate:r002,80.18620220190314,prior:asymmetric:moderate:r002,4021.7056111875136,0.0,moderate,0.757352490542016,4402.903317740851,4483.089519942754,0.008018620220190316,0.44029033177408516,24,90000007 + environment_seed * 101 + sample_index,70002,61.43875781400129,7,optimal,asymmetric,3170.6215876793103
3190.715725167249,prior:asymmetric:moderate:r002,164.0623732515196,prior:asymmetric:moderate:r002,3987.8718094247197,0.0,moderate,0.7401159082570868,4319.0271466912345,4483.089519942754,0.01640623732515196,0.43190271466912356,48,90000007 + environment_seed * 101 + sample_index,70002,300.70273404615,7,optimal,asymmetric,3082.1319358796345
3152.8422435300017,prior:asymmetric:moderate:r003,210.86844490102794,prior:asymmetric:moderate:r003,4436.417774669629,0.0,moderate,0.7421320883129345,4418.873960835901,4629.742405736929,0.021086844490102796,0.4418873960835901,12,90000007 + environment_seed * 101 + sample_index,70003,12.940307652112097,7,optimal,asymmetric,3002.446922293444
3152.8422435300017,prior:asymmetric:moderate:r003,210.86844490102794,prior:asymmetric:moderate:r003,4447.469682901225,0.0,moderate,0.7421320883129345,4418.873960835901,4629.742405736929,0.021086844490102796,0.4418873960835901,24,90000007 + environment_seed * 101 + sample_index,70003,35.492500946857035,7,optimal,asymmetric,3002.446922293444
3152.8422435300017,prior:asymmetric:moderate:r003,210.86844490102794,prior:asymmetric:moderate:r003,4431.209618441692,0.0,moderate,0.7421320883129345,4418.873960835901,4629.742405736929,0.021086844490102796,0.4418873960835901,48,90000007 + environment_seed * 101 + sample_index,70003,97.61325796600431,7,optimal,asymmetric,3002.446922293444
3132.9311935742912,prior:asymmetric:moderate:r004,-72.39930566852809,prior:asymmetric:moderate:r004,3841.02283052117,0.0,moderate,0.6840572540179711,3752.62435986568,3680.225054197152,-0.00723993056685281,0.3752624359865681,12,90000007 + environment_seed * 101 + sample_index,70004,26.289328302023932,7,optimal,asymmetric,3087.948180314029
3132.9311935742912,prior:asymmetric:moderate:r004,-71.13861631144346,prior:asymmetric:moderate:r004,3771.9242435239466,0.0,moderate,0.6844473461414866,3751.3636705085955,3680.225054197152,-0.007113861631144347,0.3751363670508596,24,90000007 + environment_seed * 101 + sample_index,70004,76.6344395109918,7,optimal,asymmetric,3093.109790906269
3132.9311935742912,prior:asymmetric:moderate:r004,18.88551949931889,prior:asymmetric:moderate:r004,3771.745869846514,0.0,moderate,0.6741665254215864,3661.339534697833,3680.225054197152,0.0018885519499318893,0.3661339534697834,48,90000007 + environment_seed * 101 + sample_index,70004,224.85016056289896,7,optimal,asymmetric,3080.3257195180295
3184.601958148869,prior:asymmetric:relaxed:r000,3.5152033612357627,prior:asymmetric:relaxed:r000,5188.279320887929,0.0,relaxed,0.8707674015089207,5523.792123779469,5527.307327140705,0.0003515203361235763,0.552379212377947,12,90000007 + environment_seed * 101 + sample_index,70000,5.816840322921053,5,optimal,asymmetric,3183.881891309739
3184.601958148869,prior:asymmetric:relaxed:r000,3.5152033612357627,prior:asymmetric:relaxed:r000,5041.159241025944,0.0,relaxed,0.8707674015089207,5523.792123779469,5527.307327140705,0.0003515203361235763,0.552379212377947,24,90000007 + environment_seed * 101 + sample_index,70000,22.650986209977418,5,optimal,asymmetric,3183.881891309739
3184.601958148869,prior:asymmetric:relaxed:r000,0.0,prior:asymmetric:relaxed:r000,5113.259554763516,0.0,relaxed,0.8710487069893735,5527.307327140705,5527.307327140705,0.0,0.5527307327140706,48,90000007 + environment_seed * 101 + sample_index,70000,117.56253587803803,5,optimal,asymmetric,3183.1797427530305
3138.20576777975,prior:asymmetric:relaxed:r001,504.37676785861913,prior:asymmetric:relaxed:r001,5241.889473782675,0.0,relaxed,0.7430097534649163,4449.792077031637,4954.168844890256,0.050437676785861904,0.4449792077031636,12,90000007 + environment_seed * 101 + sample_index,70001,55.35722246207297,5,optimal,asymmetric,2980.3054576175264
3138.20576777975,prior:asymmetric:relaxed:r001,504.37676785861913,prior:asymmetric:relaxed:r001,5188.8907336258435,0.0,relaxed,0.7430097534649163,4449.792077031637,4954.168844890256,0.050437676785861904,0.4449792077031636,24,90000007 + environment_seed * 101 + sample_index,70001,119.20223301206715,5,optimal,asymmetric,2980.3054576175264
3138.20576777975,prior:asymmetric:relaxed:r001,504.37676785861913,prior:asymmetric:relaxed:r001,5117.93420797742,0.007151097138025352,relaxed,0.7430097534649163,4449.792077031637,4954.168844890256,0.050437676785861904,0.4449792077031636,48,90000007 + environment_seed * 101 + sample_index,70001,605.9490667658392,5,time_limit,asymmetric,2980.3054576175264
3190.715725167249,prior:asymmetric:relaxed:r002,361.5019500896542,prior:asymmetric:relaxed:r002,5476.463053488333,0.0,relaxed,0.8026535862749,4954.235575924293,5315.737526013947,0.03615019500896543,0.49542355759242934,12,90000007 + environment_seed * 101 + sample_index,70002,11.573867654893547,5,optimal,asymmetric,3072.3002868247077
3190.715725167249,prior:asymmetric:relaxed:r002,361.5019500896542,prior:asymmetric:relaxed:r002,5446.907266052057,0.0,relaxed,0.8026535862749,4954.235575924293,5315.737526013947,0.03615019500896543,0.49542355759242934,24,90000007 + environment_seed * 101 + sample_index,70002,26.227870753966272,5,optimal,asymmetric,3072.3002868247077
3190.715725167249,prior:asymmetric:relaxed:r002,361.5019500896542,prior:asymmetric:relaxed:r002,5455.892672707709,0.0,relaxed,0.8026535862749,4954.235575924293,5315.737526013947,0.03615019500896543,0.49542355759242934,48,90000007 + environment_seed * 101 + sample_index,70002,119.91767511097714,5,optimal,asymmetric,3072.3002868247077
3152.8422435300017,prior:asymmetric:relaxed:r003,270.7455520012554,prior:asymmetric:relaxed:r003,5263.926122399492,0.0,relaxed,0.8531258663921615,5439.346452907081,5710.092004908336,0.02707455520012554,0.5439346452907081,12,90000007 + environment_seed * 101 + sample_index,70003,3.2652887681033462,5,optimal,asymmetric,3091.912211014535
3152.8422435300017,prior:asymmetric:relaxed:r003,270.7455520012554,prior:asymmetric:relaxed:r003,5248.56539599617,0.0,relaxed,0.8531258663921615,5439.346452907081,5710.092004908336,0.02707455520012554,0.5439346452907081,24,90000007 + environment_seed * 101 + sample_index,70003,23.264887707075104,5,optimal,asymmetric,3091.912211014535
3152.8422435300017,prior:asymmetric:relaxed:r003,270.7455520012554,prior:asymmetric:relaxed:r003,5360.085047092208,0.0,relaxed,0.8531258663921615,5439.346452907081,5710.092004908336,0.02707455520012554,0.5439346452907081,48,90000007 + environment_seed * 101 + sample_index,70003,92.07238536700606,5,optimal,asymmetric,3091.912211014535
3132.9311935742912,prior:asymmetric:relaxed:r004,-8.901373028083981,prior:asymmetric:relaxed:r004,5321.127061510889,0.0,relaxed,0.8325907449367403,5251.5793750791345,5242.6780020510505,-0.0008901373028083983,0.5251579375079135,12,90000007 + environment_seed * 101 + sample_index,70004,10.029120431048796,5,optimal,asymmetric,3074.3280742882666
3132.9311935742912,prior:asymmetric:relaxed:r004,-8.901373028083981,prior:asymmetric:relaxed:r004,5249.731422069598,0.0,relaxed,0.8325907449367403,5251.5793750791345,5242.6780020510505,-0.0008901373028083983,0.5251579375079135,24,90000007 + environment_seed * 101 + sample_index,70004,28.993169989204034,5,optimal,asymmetric,3074.3280742882666
3132.9311935742912,prior:asymmetric:relaxed:r004,-8.901373028083981,prior:asymmetric:relaxed:r004,5349.390110775522,0.0,relaxed,0.8325907449367403,5251.5793750791345,5242.6780020510505,-0.0008901373028083983,0.5251579375079135,48,90000007 + environment_seed * 101 + sample_index,70004,200.27761216298677,5,optimal,asymmetric,3074.3280742882666
3184.601958148869,prior:asymmetric:strict:r000,1424.7913242623267,prior:asymmetric:strict:r000,1784.1277916035417,0.0,strict,0.39031806756878484,971.1538491325518,2395.9451733948786,0.1424791324262327,0.0971153849132552,12,90000007 + environment_seed * 101 + sample_index,70000,4.351594198960811,9,optimal,asymmetric,2932.026826555297
3184.601958148869,prior:asymmetric:strict:r000,1455.3953953791479,prior:asymmetric:strict:r000,1653.6806805023505,0.0,strict,0.36927069383751515,940.5497780157307,2395.9451733948786,0.14553953953791482,0.09405497780157308,24,90000007 + environment_seed * 101 + sample_index,70000,3.4440403901971877,8,optimal,asymmetric,2752.1571603594202
3184.601958148869,prior:asymmetric:strict:r000,876.8584348295685,prior:asymmetric:strict:r000,1500.5800998684565,0.0,strict,0.44184823160938597,1519.08673856531,2395.9451733948786,0.08768584348295687,0.15190867385653103,48,90000007 + environment_seed * 101 + sample_index,70000,34.6889896618668,8,optimal,asymmetric,2899.3955775285494
3138.20576777975,prior:asymmetric:strict:r001,1147.263865481851,prior:asymmetric:strict:r001,1170.6487786056596,0.0,strict,0.4339769883960542,1403.5702658738828,2550.834131355734,0.1147263865481851,0.14035702658738824,12,90000007 + environment_seed * 101 + sample_index,70001,2.243069853167981,10,optimal,asymmetric,2936.19961808666
3138.20576777975,prior:asymmetric:strict:r001,761.6066180939974,prior:asymmetric:strict:r001,1143.1252401991178,0.0,strict,0.47993470850862213,1789.2275132617365,2550.834131355734,0.07616066180939973,0.1789227513261736,24,90000007 + environment_seed * 101 + sample_index,70001,9.542239744914696,9,optimal,asymmetric,3010.119571824486
3138.20576777975,prior:asymmetric:strict:r001,1012.4181047419579,prior:asymmetric:strict:r001,1170.5745047954088,0.0,strict,0.44781559332950877,1538.416026613776,2550.834131355734,0.10124181047419577,0.15384160266137759,48,90000007 + environment_seed * 101 + sample_index,70001,28.753570375032723,8,optimal,asymmetric,2939.7399066813105
3190.715725167249,prior:asymmetric:strict:r002,709.8180529045699,prior:asymmetric:strict:r002,1128.9493795784902,0.0,strict,0.47343079960540374,1773.5047355631991,2483.322788467769,0.070981805290457,0.17735047355631994,12,90000007 + environment_seed * 101 + sample_index,70002,0.9564969770144671,8,optimal,asymmetric,2960.803260490839
3190.715725167249,prior:asymmetric:strict:r002,424.7676000066567,prior:asymmetric:strict:r002,1120.1665802405112,0.0,strict,0.5234612571866012,2058.5551884611123,2483.322788467769,0.04247676000066568,0.20585551884611125,24,90000007 + environment_seed * 101 + sample_index,70002,13.20933804800734,8,optimal,asymmetric,3176.0573834049
3190.715725167249,prior:asymmetric:strict:r002,923.8221215342392,prior:asymmetric:strict:r002,1051.5201436794405,0.0,strict,0.45026592245189967,1559.5006669335298,2483.322788467769,0.09238221215342393,0.155950066693353,48,90000007 + environment_seed * 101 + sample_index,70002,18.757285851985216,8,optimal,asymmetric,2943.158557585467
3152.8422435300017,prior:asymmetric:strict:r003,1257.8939736455536,prior:asymmetric:strict:r003,1708.366043081046,0.0,strict,0.3752881083911104,1037.1035211191206,2294.9974947646742,0.12578939736455536,0.10371035211191205,12,90000007 + environment_seed * 101 + sample_index,70003,5.231295472942293,8,optimal,asymmetric,2715.777562791983
3152.8422435300017,prior:asymmetric:strict:r003,667.5355476964032,prior:asymmetric:strict:r003,1567.329732797514,0.0,strict,0.46110265976659764,1627.461947068271,2294.9974947646742,0.06675355476964032,0.1627461947068271,24,90000007 + environment_seed * 101 + sample_index,70003,4.50519119692035,9,optimal,asymmetric,2983.5646505977056
3152.8422435300017,prior:asymmetric:strict:r003,768.1063891336171,prior:asymmetric:strict:r003,1545.770548934929,0.0,strict,0.44469740567575033,1526.8911056310571,2294.9974947646742,0.0768106389133617,0.15268911056310572,48,90000007 + environment_seed * 101 + sample_index,70003,13.538813867839053,9,optimal,asymmetric,2920.0829511264465
3132.9311935742912,prior:asymmetric:strict:r004,1462.7862870555346,prior:asymmetric:strict:r004,1324.7641037856038,0.0,strict,0.4422713212167714,1454.756696038918,2917.5429830944527,0.14627862870555347,0.14547566960389183,12,90000007 + environment_seed * 101 + sample_index,70004,0.6367015140131116,10,optimal,asymmetric,2967.956516128795
3132.9311935742912,prior:asymmetric:strict:r004,1381.3916307890017,prior:asymmetric:strict:r004,1153.1056371115726,0.0,strict,0.43942110876277174,1536.151352305451,2917.5429830944527,0.1381391630789002,0.15361513523054512,24,90000007 + environment_seed * 101 + sample_index,70004,6.368266484932974,8,optimal,asymmetric,2858.0597353222665
3132.9311935742912,prior:asymmetric:strict:r004,1381.3916307890017,prior:asymmetric:strict:r004,1107.7970920687067,0.0,strict,0.43942110876277174,1536.151352305451,2917.5429830944527,0.1381391630789002,0.15361513523054512,48,90000007 + environment_seed * 101 + sample_index,70004,8.96232904610224,8,optimal,asymmetric,2858.0597353222665
3180.460325581427,prior:multi_hotspot:moderate:r000,582.1613808189941,prior:multi_hotspot:moderate:r000,3565.5236307773716,0.0,moderate,0.6800114797432678,3700.619437140508,4282.780817959502,0.0582161380818994,0.37006194371405077,12,90000007 + environment_seed * 101 + sample_index,70000,51.4915173901245,8,optimal,multi_hotspot,3099.4953602921705
3180.460325581427,prior:multi_hotspot:moderate:r000,582.1613808189941,prior:multi_hotspot:moderate:r000,3641.7611421632405,0.0,moderate,0.6800114797432678,3700.619437140508,4282.780817959502,0.0582161380818994,0.37006194371405077,24,90000007 + environment_seed * 101 + sample_index,70000,61.413229916011915,8,optimal,multi_hotspot,3099.4953602921705
3180.460325581427,prior:multi_hotspot:moderate:r000,177.43826575040111,prior:multi_hotspot:moderate:r000,3699.9049726426133,0.0,moderate,0.7285802877790527,4105.342552209101,4282.780817959502,0.017743826575040107,0.41053425522091,48,90000007 + environment_seed * 101 + sample_index,70000,213.8938166871667,8,optimal,multi_hotspot,3180.4603255814263
3107.3067044881486,prior:multi_hotspot:moderate:r001,636.0908173452508,prior:multi_hotspot:moderate:r001,3398.4142646951927,0.0,moderate,0.6154034576060994,3159.5642535176426,3795.6550708628934,0.06360908173452508,0.31595642535176427,12,90000007 + environment_seed * 101 + sample_index,70001,46.39553447300568,7,optimal,multi_hotspot,2994.470322543352
3107.3067044881486,prior:multi_hotspot:moderate:r001,636.0908173452508,prior:multi_hotspot:moderate:r001,3488.9152616009474,0.0,moderate,0.6154034576060994,3159.5642535176426,3795.6550708628934,0.06360908173452508,0.31595642535176427,24,90000007 + environment_seed * 101 + sample_index,70001,94.43655770900659,7,optimal,multi_hotspot,2994.470322543352
3107.3067044881486,prior:multi_hotspot:moderate:r001,195.37198192304504,prior:multi_hotspot:moderate:r001,3490.244285614453,0.005483475685264921,moderate,0.6695895955298461,3600.2830889398483,3795.6550708628934,0.019537198192304504,0.36002830889398485,48,90000007 + environment_seed * 101 + sample_index,70001,604.5965060489252,8,time_limit,multi_hotspot,3095.6128663586123
3137.6610965411874,prior:multi_hotspot:moderate:r002,364.18950047580347,prior:multi_hotspot:moderate:r002,4275.973828679272,0.0,moderate,0.7427249984881148,4322.865791508193,4687.0552919839965,0.03641895004758034,0.43228657915081925,12,90000007 + environment_seed * 101 + sample_index,70002,38.362902368884534,8,optimal,multi_hotspot,3104.384193372955
3137.6610965411874,prior:multi_hotspot:moderate:r002,277.8143714857206,prior:multi_hotspot:moderate:r002,4294.2937169802835,0.0,moderate,0.7501533734439313,4409.240920498276,4687.0552919839965,0.027781437148572053,0.4409240920498275,24,90000007 + environment_seed * 101 + sample_index,70002,97.34772504889406,7,optimal,multi_hotspot,3092.2928139410374
3137.6610965411874,prior:multi_hotspot:moderate:r002,364.18950047580347,prior:multi_hotspot:moderate:r002,4255.445164768841,0.0,moderate,0.7427249984881148,4322.865791508193,4687.0552919839965,0.03641895004758034,0.43228657915081925,48,90000007 + environment_seed * 101 + sample_index,70002,260.57162194605917,8,optimal,multi_hotspot,3104.384193372955
3111.420732896426,prior:multi_hotspot:moderate:r003,79.8613259314443,prior:multi_hotspot:moderate:r003,4388.663527017746,0.0,moderate,0.7674127971797304,4562.707238900879,4642.568564832323,0.007986132593144428,0.4562707238900878,12,90000007 + environment_seed * 101 + sample_index,70003,66.32950674393214,7,optimal,multi_hotspot,3111.420732896426
3111.420732896426,prior:multi_hotspot:moderate:r003,277.389888340952,prior:multi_hotspot:moderate:r003,4346.930353348689,0.0,moderate,0.7390748171539883,4365.178676491371,4642.568564832323,0.027738988834095195,0.4365178676491371,24,90000007 + environment_seed * 101 + sample_index,70003,59.36319505400024,6,optimal,multi_hotspot,3025.569495048512
3111.420732896426,prior:multi_hotspot:moderate:r003,277.389888340952,prior:multi_hotspot:moderate:r003,4140.675783077113,0.0,moderate,0.7390748171539883,4365.178676491371,4642.568564832323,0.027738988834095195,0.4365178676491371,48,90000007 + environment_seed * 101 + sample_index,70003,426.2304942558985,6,optimal,multi_hotspot,3025.569495048512
3109.889046974383,prior:multi_hotspot:moderate:r004,636.4426720169927,prior:multi_hotspot:moderate:r004,4386.267672238536,0.0,moderate,0.7060094227411451,4039.8706471625514,4676.313319179544,0.06364426720169926,0.40398706471625506,12,90000007 + environment_seed * 101 + sample_index,70004,59.07324659288861,7,optimal,multi_hotspot,3020.2235802489
3109.889046974383,prior:multi_hotspot:moderate:r004,481.13898482643253,prior:multi_hotspot:moderate:r004,4286.632466782098,0.0,moderate,0.7249691697408073,4195.174334353112,4676.313319179544,0.04811389848264325,0.41951743343531106,24,90000007 + environment_seed * 101 + sample_index,70004,413.70517691690475,7,optimal,multi_hotspot,3054.5173630549616
3109.889046974383,prior:multi_hotspot:moderate:r004,476.547058157862,prior:multi_hotspot:moderate:r004,4128.582784883965,0.0,moderate,0.7255936295593203,4199.766261021682,4676.313319179544,0.047654705815786194,0.4199766261021681,48,90000007 + environment_seed * 101 + sample_index,70004,243.89611434401013,7,optimal,multi_hotspot,3056.1700345715217
3180.460325581427,prior:multi_hotspot:relaxed:r000,0.0,prior:multi_hotspot:relaxed:r000,5043.011904173361,0.0,relaxed,0.8556110135397983,5398.282701658961,5398.282701658961,0.0,0.539828270165896,12,90000007 + environment_seed * 101 + sample_index,70000,46.703233890933916,5,optimal,multi_hotspot,3157.8274337390203
3180.460325581427,prior:multi_hotspot:relaxed:r000,71.13791933890116,prior:multi_hotspot:relaxed:r000,5093.409566168277,0.0,relaxed,0.8507605107901489,5327.14478232006,5398.282701658961,0.007113791933890114,0.5327144782320059,24,90000007 + environment_seed * 101 + sample_index,70000,142.99040071293712,5,optimal,multi_hotspot,3180.460325581427
3180.460325581427,prior:multi_hotspot:relaxed:r000,0.0,prior:multi_hotspot:relaxed:r000,5102.808522086233,0.0,relaxed,0.8556110135397983,5398.282701658961,5398.282701658961,0.0,0.539828270165896,48,90000007 + environment_seed * 101 + sample_index,70000,238.07996464287862,5,optimal,multi_hotspot,3157.8274337390203
3107.3067044881486,prior:multi_hotspot:relaxed:r001,-125.55231559874028,prior:multi_hotspot:relaxed:r001,4795.660279189745,0.0,relaxed,0.8100533719455316,4998.86267625534,4873.3103606566,-0.012555231559874027,0.49988626762553406,12,90000007 + environment_seed * 101 + sample_index,70001,65.39722146000713,5,optimal,multi_hotspot,3101.6710431999763
3107.3067044881486,prior:multi_hotspot:relaxed:r001,-125.55231559874028,prior:multi_hotspot:relaxed:r001,4787.706129032029,0.0,relaxed,0.8100533719455316,4998.86267625534,4873.3103606566,-0.012555231559874027,0.49988626762553406,24,90000007 + environment_seed * 101 + sample_index,70001,180.13153622485697,5,optimal,multi_hotspot,3101.6710431999763
3107.3067044881486,prior:multi_hotspot:relaxed:r001,81.1833272275453,prior:multi_hotspot:relaxed:r001,4587.819550574238,0.057691956402029156,relaxed,0.7680274236168086,4792.127033429055,4873.3103606566,0.00811833272275453,0.4792127033429055,48,90000007 + environment_seed * 101 + sample_index,70001,606.6483603511006,4,time_limit,multi_hotspot,2888.1472027390314
3137.6610965411874,prior:multi_hotspot:relaxed:r002,59.23251492176314,prior:multi_hotspot:relaxed:r002,5479.59856559154,0.0,relaxed,0.9086001503980883,6002.434448696711,6061.666963618474,0.005923251492176313,0.600243444869671,12,90000007 + environment_seed * 101 + sample_index,70002,34.63544847792946,5,optimal,multi_hotspot,3083.5670552841716
3137.6610965411874,prior:multi_hotspot:relaxed:r002,71.75072661389731,prior:multi_hotspot:relaxed:r002,5624.081796687307,0.0,relaxed,0.9096720574785275,5989.916237004577,6061.666963618474,0.00717507266138973,0.5989916237004576,24,90000007 + environment_seed * 101 + sample_index,70002,105.58371771406382,5,optimal,multi_hotspot,3106.804337780696
3137.6610965411874,prior:multi_hotspot:relaxed:r002,59.23251492176314,prior:multi_hotspot:relaxed:r002,5607.60418492377,0.0,relaxed,0.9086001503980883,6002.434448696711,6061.666963618474,0.005923251492176313,0.600243444869671,48,90000007 + environment_seed * 101 + sample_index,70002,243.6196198379621,5,optimal,multi_hotspot,3083.5670552841716
3111.420732896426,prior:multi_hotspot:relaxed:r003,0.0,prior:multi_hotspot:relaxed:r003,5535.903655763265,0.0,relaxed,0.8379072324862776,5380.681962793365,5380.681962793365,0.0,0.5380681962793363,12,90000007 + environment_seed * 101 + sample_index,70003,55.51451270701364,5,optimal,multi_hotspot,2998.390362069412
3111.420732896426,prior:multi_hotspot:relaxed:r003,10.566854212572252,prior:multi_hotspot:relaxed:r003,5512.7551493361825,0.0,relaxed,0.8356247913079907,5370.115108580792,5380.681962793365,0.001056685421257225,0.5370115108580792,24,90000007 + environment_seed * 101 + sample_index,70003,272.32891979115084,5,optimal,multi_hotspot,2986.132804499115
3111.420732896426,prior:multi_hotspot:relaxed:r003,10.566854212572252,prior:multi_hotspot:relaxed:r003,5349.842389261255,0.017312625706130416,relaxed,0.8356247913079907,5370.115108580792,5380.681962793365,0.001056685421257225,0.5370115108580792,48,90000007 + environment_seed * 101 + sample_index,70003,602.9468864249066,5,time_limit,multi_hotspot,2986.132804499115
3109.889046974383,prior:multi_hotspot:relaxed:r004,-58.40656441031297,prior:multi_hotspot:relaxed:r004,4952.902191015586,0.0,relaxed,0.7926914580768991,4841.778804536884,4783.372240126571,-0.005840656441031295,0.48417788045368837,12,90000007 + environment_seed * 101 + sample_index,70004,42.63543122098781,5,optimal,multi_hotspot,3085.1357762321068
3109.889046974383,prior:multi_hotspot:relaxed:r004,-58.40656441031297,prior:multi_hotspot:relaxed:r004,4952.499489150977,0.0,relaxed,0.7926914580768991,4841.778804536884,4783.372240126571,-0.005840656441031295,0.48417788045368837,24,90000007 + environment_seed * 101 + sample_index,70004,265.1238719068933,5,optimal,multi_hotspot,3085.1357762321068
3109.889046974383,prior:multi_hotspot:relaxed:r004,-58.40656441031297,prior:multi_hotspot:relaxed:r004,4908.986949875064,0.0,relaxed,0.7926914580768991,4841.778804536884,4783.372240126571,-0.005840656441031295,0.48417788045368837,48,90000007 + environment_seed * 101 + sample_index,70004,421.06813844805583,5,optimal,multi_hotspot,3085.1357762321068
3180.460325581427,prior:multi_hotspot:strict:r000,1456.9198560141613,prior:multi_hotspot:strict:r000,1653.3894468698484,0.0,strict,0.3969092430020344,1182.1930147749963,2639.1128707891576,0.1456919856014161,0.11821930147749961,12,90000007 + environment_seed * 101 + sample_index,70000,2.215270219137892,7,optimal,multi_hotspot,2786.8994152453483
3180.460325581427,prior:multi_hotspot:strict:r000,1456.9198560141613,prior:multi_hotspot:strict:r000,1625.873863875916,0.0,strict,0.3969092430020344,1182.1930147749963,2639.1128707891576,0.1456919856014161,0.11821930147749961,24,90000007 + environment_seed * 101 + sample_index,70000,5.255531585076824,7,optimal,multi_hotspot,2786.8994152453483
3180.460325581427,prior:multi_hotspot:strict:r000,815.3700836369699,prior:multi_hotspot:strict:r000,1492.4246064937852,0.0,strict,0.4928942326943637,1823.7427871521877,2639.1128707891576,0.08153700836369697,0.18237427871521875,48,90000007 + environment_seed * 101 + sample_index,70000,46.29068287485279,8,optimal,multi_hotspot,3105.1995397914498
3107.3067044881486,prior:multi_hotspot:strict:r001,765.6322372316126,prior:multi_hotspot:strict:r001,1803.289686163066,0.0,strict,0.5394270129988424,2333.8981159333102,3099.530353164923,0.07656322372316127,0.23338981159333103,12,90000007 + environment_seed * 101 + sample_index,70001,2.8833460321184248,8,optimal,multi_hotspot,3060.3720140551145
3107.3067044881486,prior:multi_hotspot:strict:r001,1358.8469949420228,prior:multi_hotspot:strict:r001,1813.1224536235256,0.0,strict,0.4699072549302196,1740.6833582229,3099.530353164923,0.1358846994942023,0.17406833582229,24,90000007 + environment_seed * 101 + sample_index,70001,6.771071999100968,8,optimal,multi_hotspot,2958.3891910792963
3107.3067044881486,prior:multi_hotspot:strict:r001,1358.8469949420228,prior:multi_hotspot:strict:r001,1614.9553220235612,0.0,strict,0.4699072549302196,1740.6833582229,3099.530353164923,0.1358846994942023,0.17406833582229,48,90000007 + environment_seed * 101 + sample_index,70001,31.352432819083333,8,optimal,multi_hotspot,2958.3891910792963
3137.6610965411874,prior:multi_hotspot:strict:r002,1619.3504769892693,prior:multi_hotspot:strict:r002,1868.4342383599017,0.0,strict,0.4335600167782558,1414.021190209466,3033.3716671987354,0.1619350476989269,0.1414021190209466,12,90000007 + environment_seed * 101 + sample_index,70002,9.192909718025476,8,optimal,multi_hotspot,2921.578977573091
3137.6610965411874,prior:multi_hotspot:strict:r002,1619.3504769892693,prior:multi_hotspot:strict:r002,1816.1422938403302,0.0,strict,0.4335600167782558,1414.021190209466,3033.3716671987354,0.1619350476989269,0.1414021190209466,24,90000007 + environment_seed * 101 + sample_index,70002,7.670149464160204,8,optimal,multi_hotspot,2921.578977573091
3137.6610965411874,prior:multi_hotspot:strict:r002,1042.8603066199616,prior:multi_hotspot:strict:r002,1768.6270990626672,0.0,strict,0.49786585435615527,1990.5113605787737,3033.3716671987354,0.10428603066199614,0.19905113605787733,48,90000007 + environment_seed * 101 + sample_index,70002,27.17788018891588,8,optimal,multi_hotspot,2988.1471829827788
3111.420732896426,prior:multi_hotspot:strict:r003,930.8999743241707,prior:multi_hotspot:strict:r003,1640.7994929285398,0.0,strict,0.4720699108977309,1694.041836099149,2624.9418104233196,0.09308999743241705,0.16940418360991485,12,90000007 + environment_seed * 101 + sample_index,70003,4.188495578011498,8,optimal,multi_hotspot,3026.6572728781603
3111.420732896426,prior:multi_hotspot:strict:r003,997.3983556460403,prior:multi_hotspot:strict:r003,1792.517935811885,0.0,strict,0.45461601708390925,1627.5434547772793,2624.9418104233196,0.09973983556460402,0.1627543454777279,24,90000007 + environment_seed * 101 + sample_index,70003,12.24917448288761,8,optimal,multi_hotspot,2918.6167160618133
3111.420732896426,prior:multi_hotspot:strict:r003,1213.4936191508382,prior:multi_hotspot:strict:r003,1659.392003100728,0.0,strict,0.4312110379439442,1411.4481912724814,2624.9418104233196,0.1213493619150838,0.1411448191272481,48,90000007 + environment_seed * 101 + sample_index,70003,23.6643266628962,8,optimal,multi_hotspot,2900.6621881669607
3109.889046974383,prior:multi_hotspot:strict:r004,956.0361188669658,prior:multi_hotspot:strict:r004,2080.3645681687876,0.0,strict,0.40881035684034966,1270.7176391124312,2226.753757979397,0.09560361188669657,0.1270717639112431,12,90000007 + environment_seed * 101 + sample_index,70004,1.8556903509888798,8,optimal,multi_hotspot,2817.3859292910656
3109.889046974383,prior:multi_hotspot:strict:r004,956.0361188669658,prior:multi_hotspot:strict:r004,1873.597189681578,0.0,strict,0.40881035684034966,1270.7176391124312,2226.753757979397,0.09560361188669657,0.1270717639112431,24,90000007 + environment_seed * 101 + sample_index,70004,5.459648445015773,8,optimal,multi_hotspot,2817.3859292910656
3109.889046974383,prior:multi_hotspot:strict:r004,559.1158094422217,prior:multi_hotspot:strict:r004,1664.9950877771214,0.0,strict,0.45613420664323184,1667.6379485371754,2226.753757979397,0.05591158094422216,0.1667637948537175,48,90000007 + environment_seed * 101 + sample_index,70004,25.40528082381934,8,optimal,multi_hotspot,2893.704117895143
3166.2363597548665,prior:regular:moderate:r000,-1.928583408274335,prior:regular:moderate:r000,3840.123892386969,0.0,moderate,0.7154986680347935,3996.4442137478754,3994.515630339601,-0.00019285834082743348,0.39964442137478756,12,90000007 + environment_seed * 101 + sample_index,70000,79.75392236397602,7,optimal,regular,3158.542466600059
3166.2363597548665,prior:regular:moderate:r000,-1.928583408274335,prior:regular:moderate:r000,3748.852400317606,0.0,moderate,0.7154986680347935,3996.4442137478754,3994.515630339601,-0.00019285834082743348,0.39964442137478756,24,90000007 + environment_seed * 101 + sample_index,70000,424.86172203486785,7,optimal,regular,3158.542466600059
3166.2363597548665,prior:regular:moderate:r000,-1.928583408274335,prior:regular:moderate:r000,3775.43361302395,0.026760829550171228,moderate,0.7154986680347935,3996.4442137478754,3994.515630339601,-0.00019285834082743348,0.39964442137478756,48,90000007 + environment_seed * 101 + sample_index,70000,602.348965259036,7,time_limit,regular,3158.542466600059
3121.4305863916825,prior:regular:moderate:r001,51.14893493599084,prior:regular:moderate:r001,3876.5392838178873,0.0,moderate,0.7293456641179674,4174.668651260181,4225.817586196172,0.005114893493599083,0.417466865126018,12,90000007 + environment_seed * 101 + sample_index,70001,36.11635155091062,7,optimal,regular,3118.787989919493
3121.4305863916825,prior:regular:moderate:r001,403.0870308332478,prior:regular:moderate:r001,3930.4541133416583,0.0,moderate,0.6893498943712073,3822.730555362924,4225.817586196172,0.04030870308332477,0.3822730555362923,24,90000007 + environment_seed * 101 + sample_index,70001,54.2641758590471,7,optimal,regular,3070.768388349149
3121.4305863916825,prior:regular:moderate:r001,403.0870308332478,prior:regular:moderate:r001,3906.719253217954,0.0,moderate,0.6893498943712073,3822.730555362924,4225.817586196172,0.04030870308332477,0.3822730555362923,48,90000007 + environment_seed * 101 + sample_index,70001,116.66866166098043,7,optimal,regular,3070.768388349149
3228.8506554101564,prior:regular:moderate:r002,937.2367112928787,prior:regular:moderate:r002,3651.251145222673,0.0,moderate,0.634306955552151,3215.4503855040584,4152.687096796937,0.09372367112928788,0.3215450385504059,12,90000007 + environment_seed * 101 + sample_index,70002,22.717000280041248,7,optimal,regular,3127.6191700174513
3228.8506554101564,prior:regular:moderate:r002,10.724029308722493,prior:regular:moderate:r002,3704.1452918705127,0.0,moderate,0.7361052087300118,4141.963067488215,4152.687096796937,0.0010724029308722494,0.4141963067488215,24,90000007 + environment_seed * 101 + sample_index,70002,125.31472373893484,7,optimal,regular,3219.089019811905
3228.8506554101564,prior:regular:moderate:r002,10.724029308722493,prior:regular:moderate:r002,3751.703475376897,0.0,moderate,0.7361052087300118,4141.963067488215,4152.687096796937,0.0010724029308722494,0.4141963067488215,48,90000007 + environment_seed * 101 + sample_index,70002,230.89101743302308,7,optimal,regular,3219.089019811905
3166.039050651591,prior:regular:moderate:r003,315.37257336562425,prior:regular:moderate:r003,3832.4184875768424,0.0,moderate,0.6625077540840107,3530.9489627201037,3846.321536085728,0.031537257336562416,0.3530948962720103,12,90000007 + environment_seed * 101 + sample_index,70003,33.12189683597535,7,optimal,regular,3094.128578120004
3166.039050651591,prior:regular:moderate:r003,315.37257336562425,prior:regular:moderate:r003,3845.317250637356,0.0,moderate,0.6625077540840107,3530.9489627201037,3846.321536085728,0.031537257336562416,0.3530948962720103,24,90000007 + environment_seed * 101 + sample_index,70003,135.1707249369938,7,optimal,regular,3094.128578120004
3166.039050651591,prior:regular:moderate:r003,843.5555846372426,prior:regular:moderate:r003,3819.2875400258986,0.0,moderate,0.5991904626511799,3002.7659514484853,3846.321536085728,0.08435555846372425,0.3002765951448485,48,90000007 + environment_seed * 101 + sample_index,70003,319.6827339299489,7,optimal,regular,2989.138675063314
3127.8709181386516,prior:regular:moderate:r004,86.76392494463198,prior:regular:moderate:r004,4112.698642627604,0.0,moderate,0.7414445644457577,4287.358004526487,4374.121929471119,0.0086763924944632,0.4287358004526488,12,90000007 + environment_seed * 101 + sample_index,70004,17.510750064859167,7,optimal,regular,3127.0876399310882
3127.8709181386516,prior:regular:moderate:r004,86.76392494463198,prior:regular:moderate:r004,4079.784643953078,0.0,moderate,0.7414445644457577,4287.358004526487,4374.121929471119,0.0086763924944632,0.4287358004526488,24,90000007 + environment_seed * 101 + sample_index,70004,65.8565568679478,7,optimal,regular,3127.0876399310882
3127.8709181386516,prior:regular:moderate:r004,115.993776233674,prior:regular:moderate:r004,4035.3983011929545,0.0,moderate,0.7379139389340732,4258.128153237445,4374.121929471119,0.011599377623367402,0.4258128153237446,48,90000007 + environment_seed * 101 + sample_index,70004,124.97008878691122,7,optimal,regular,3121.011236103286
3166.2363597548665,prior:regular:relaxed:r000,0.0,prior:regular:relaxed:r000,5339.832809799185,0.0,relaxed,0.8601938845685898,5435.702485931033,5435.702485931033,0.0,0.5435702485931033,12,90000007 + environment_seed * 101 + sample_index,70000,135.15144269401208,5,optimal,regular,3166.2363597548665
3166.2363597548665,prior:regular:relaxed:r000,6.879083152525709,prior:regular:relaxed:r000,5273.957251852159,0.010677282409516781,relaxed,0.858609896633932,5428.823402778507,5435.702485931033,0.0006879083152525709,0.5428823402778508,24,90000007 + environment_seed * 101 + sample_index,70000,604.4316410201136,5,time_limit,regular,3157.275563560812
3166.2363597548665,prior:regular:relaxed:r000,38.848162336340465,prior:regular:relaxed:r000,5244.093845871973,0.019263475082769207,relaxed,0.8478157425097488,5396.854323594693,5435.702485931033,0.0038848162336340467,0.5396854323594693,48,90000007 + environment_seed * 101 + sample_index,70000,609.189645903185,5,time_limit,regular,3081.303101502795
3121.4305863916825,prior:regular:relaxed:r001,261.465751572553,prior:regular:relaxed:r001,5409.105646084895,0.0,relaxed,0.8101500344262229,5099.758733950632,5361.224485523185,0.026146575157255297,0.5099758733950631,12,90000007 + environment_seed * 101 + sample_index,70001,75.04959618183784,5,optimal,regular,3001.741610311598
3121.4305863916825,prior:regular:relaxed:r001,97.05788537036369,prior:regular:relaxed:r001,5335.074534837819,0.014791764601999652,relaxed,0.8325761562728591,5264.166600152821,5361.224485523185,0.009705788537036367,0.526416660015282,24,90000007 + environment_seed * 101 + sample_index,70001,603.1526114968583,5,time_limit,regular,3061.5949625757694
3121.4305863916825,prior:regular:relaxed:r001,97.05788537036369,prior:regular:relaxed:r001,5318.008956604611,0.015073815956529764,relaxed,0.8325761562728591,5264.166600152821,5361.224485523185,0.009705788537036367,0.526416660015282,48,90000007 + environment_seed * 101 + sample_index,70001,605.5652725808322,5,time_limit,regular,3061.5949625757694
3228.8506554101564,prior:regular:relaxed:r002,84.59711466267163,prior:regular:relaxed:r002,5338.196057344565,0.0,relaxed,0.8633516977973399,5420.2659374539435,5504.863052116615,0.008459711466267164,0.5420265937453944,12,90000007 + environment_seed * 101 + sample_index,70002,93.84781115618534,5,optimal,regular,3213.251040519457
3228.8506554101564,prior:regular:relaxed:r002,45.626071558743206,prior:regular:relaxed:r002,5380.201364083596,0.0,relaxed,0.8683951180958306,5459.236980557872,5504.863052116615,0.004562607155874321,0.5459236980557873,24,90000007 + environment_seed * 101 + sample_index,70002,103.67347822804004,5,optimal,regular,3224.7142004004336
3228.8506554101564,prior:regular:relaxed:r002,45.626071558743206,prior:regular:relaxed:r002,5385.51176358411,0.0,relaxed,0.8683951180958306,5459.236980557872,5504.863052116615,0.004562607155874321,0.5459236980557873,48,90000007 + environment_seed * 101 + sample_index,70002,225.32511655800045,5,optimal,regular,3224.7142004004336
3166.039050651591,prior:regular:relaxed:r003,-130.80815636408443,prior:regular:relaxed:r003,5337.657838039125,0.0,relaxed,0.869901597728629,5532.976926634699,5402.168770270615,-0.01308081563640844,0.5532976926634698,12,90000007 + environment_seed * 101 + sample_index,70003,19.129154336173087,5,optimal,regular,3166.039050651591
3166.039050651591,prior:regular:relaxed:r003,-130.80815636408443,prior:regular:relaxed:r003,5410.053991343356,0.0,relaxed,0.869901597728629,5532.976926634699,5402.168770270615,-0.01308081563640844,0.5532976926634698,24,90000007 + environment_seed * 101 + sample_index,70003,33.94121695589274,5,optimal,regular,3166.039050651591
3166.039050651591,prior:regular:relaxed:r003,-182.6186295343714,prior:regular:relaxed:r003,5440.25402728206,0.0,relaxed,0.8750826450456578,5584.787399804986,5402.168770270615,-0.018261862953437135,0.5584787399804986,48,90000007 + environment_seed * 101 + sample_index,70003,108.76130060502328,5,optimal,regular,3166.0390506515914
3127.8709181386516,prior:regular:relaxed:r004,48.02405153475047,prior:regular:relaxed:r004,5632.312781891994,0.0,relaxed,0.8856019380031556,5753.958021603184,5801.982073137934,0.004802405153475048,0.5753958021603185,12,90000007 + environment_seed * 101 + sample_index,70004,67.0795063059777,5,optimal,regular,3102.06135842837
3127.8709181386516,prior:regular:relaxed:r004,43.92771071078005,prior:regular:relaxed:r004,5620.581155032344,0.0,relaxed,0.8885925280565805,5758.054362427154,5801.982073137934,0.004392771071078006,0.5758054362427155,24,90000007 + environment_seed * 101 + sample_index,70004,190.49652222008444,5,optimal,regular,3127.8709181386516
3127.8709181386516,prior:regular:relaxed:r004,0.0,prior:regular:relaxed:r004,5561.567751979904,0.0,relaxed,0.8916344960795602,5801.982073137934,5801.982073137934,0.0,0.5801982073137936,48,90000007 + environment_seed * 101 + sample_index,70004,421.9968999461271,5,optimal,regular,3114.3628876576686
3166.2363597548665,prior:regular:strict:r000,555.9781067502195,prior:regular:strict:r000,2417.822846185108,0.0,strict,0.5558027076449625,2541.249715618744,3097.2278223689636,0.055597810675021946,0.2541249715618744,12,90000007 + environment_seed * 101 + sample_index,70000,1.9816980138421059,7,optimal,regular,3016.777360830881
3166.2363597548665,prior:regular:strict:r000,712.4081370541339,prior:regular:strict:r000,2187.1960924433333,0.0,strict,0.5414603749292686,2384.8196853148297,3097.2278223689636,0.0712408137054134,0.23848196853148296,24,90000007 + environment_seed * 101 + sample_index,70000,5.1264034998603165,7,optimal,regular,3029.7840639778565
3166.2363597548665,prior:regular:strict:r000,574.7200397285014,prior:regular:strict:r000,2090.3934342560096,0.0,strict,0.5611036392241814,2522.507782640462,3097.2278223689636,0.05747200397285014,0.25225077826404624,48,90000007 + environment_seed * 101 + sample_index,70000,29.295342487981543,7,optimal,regular,3088.5286096013524
3121.4305863916825,prior:regular:strict:r001,577.2968822967441,prior:regular:strict:r001,2052.6487776607487,0.0,strict,0.5459310401069976,2413.1799096868554,2990.4767919835995,0.0577296882296744,0.2413179909686855,12,90000007 + environment_seed * 101 + sample_index,70001,8.273005567956716,8,optimal,regular,3046.13049138312
3121.4305863916825,prior:regular:strict:r001,982.5927921249481,prior:regular:strict:r001,2129.193797888183,0.0,strict,0.4960803368854782,2007.8839998586514,2990.4767919835995,0.09825927921249479,0.2007883999858651,24,90000007 + environment_seed * 101 + sample_index,70001,13.730333764106035,8,optimal,regular,2952.9193689961307
3121.4305863916825,prior:regular:strict:r001,792.8957521975467,prior:regular:strict:r001,2021.5162747875117,0.0,strict,0.5199516520380426,2197.5810397860528,2990.4767919835995,0.07928957521975466,0.21975810397860523,48,90000007 + environment_seed * 101 + sample_index,70001,56.877001730958,8,optimal,regular,3001.9354805943735
3228.8506554101564,prior:regular:strict:r002,1991.446097396029,prior:regular:strict:r002,1995.8300765854126,0.0,strict,0.3246563464994701,468.7559827700825,2460.2020801661115,0.19914460973960293,0.046875598277008254,12,90000007 + environment_seed * 101 + sample_index,70002,5.663844052935019,8,optimal,regular,2777.8074822246185
3228.8506554101564,prior:regular:strict:r002,1624.8506303753038,prior:regular:strict:r002,2081.306634102913,0.0,strict,0.3624949735376859,835.3514497908077,2460.2020801661115,0.1624850630375304,0.08353514497908078,24,90000007 + environment_seed * 101 + sample_index,70002,7.30280456203036,8,optimal,regular,2789.5982855860507
3228.8506554101564,prior:regular:strict:r002,1624.915555783703,prior:regular:strict:r002,1915.6316703791606,0.0,strict,0.37630568167803824,835.2865243824085,2460.2020801661115,0.16249155557837033,0.08352865243824087,48,90000007 + environment_seed * 101 + sample_index,70002,31.36719195288606,8,optimal,regular,2927.770292397974
3166.039050651591,prior:regular:strict:r003,1401.1164922999592,prior:regular:strict:r003,2371.5302342982573,0.0,strict,0.408325273206091,1251.3117872638095,2652.4282795637687,0.1401116492299959,0.12513117872638094,12,90000007 + environment_seed * 101 + sample_index,70003,2.6726846408564597,8,optimal,regular,2831.9409447971
3166.039050651591,prior:regular:strict:r003,1401.1164922999592,prior:regular:strict:r003,2371.4672083290516,0.0,strict,0.408325273206091,1251.3117872638095,2652.4282795637687,0.1401116492299959,0.12513117872638094,24,90000007 + environment_seed * 101 + sample_index,70003,19.541438268031925,8,optimal,regular,2831.9409447971
3166.039050651591,prior:regular:strict:r003,1358.6422844105236,prior:regular:strict:r003,2309.3832202928966,0.0,strict,0.41700887233281975,1293.785995153245,2652.4282795637687,0.13586422844105234,0.1293785995153245,48,90000007 + environment_seed * 101 + sample_index,70003,55.417683887062594,8,optimal,regular,2876.3027281749523
3127.8709181386516,prior:regular:strict:r004,561.0103363255139,prior:regular:strict:r004,2065.092530279712,0.0,strict,0.563734301785674,2613.725606964619,3174.735943290133,0.0561010336325514,0.261372560696462,12,90000007 + environment_seed * 101 + sample_index,70004,7.552556820912287,8,optimal,regular,3023.6174108921196
3127.8709181386516,prior:regular:strict:r004,561.0103363255139,prior:regular:strict:r004,2012.926415073782,0.0,strict,0.563734301785674,2613.725606964619,3174.735943290133,0.0561010336325514,0.261372560696462,24,90000007 + environment_seed * 101 + sample_index,70004,4.833134355023503,8,optimal,regular,3023.6174108921196
3127.8709181386516,prior:regular:strict:r004,561.0103363255139,prior:regular:strict:r004,1956.9849463369885,0.0,strict,0.563734301785674,2613.725606964619,3174.735943290133,0.0561010336325514,0.261372560696462,48,90000007 + environment_seed * 101 + sample_index,70004,60.538882022025064,8,optimal,regular,3023.6174108921196
