budget,case_id,difference_from_current,environment_id,expected_profit,mip_gap,qualifying_coverage,realized_profit,reference_profit,revenue_normalized_difference_from_current,revenue_normalized_profit,sample_count,sample_seed_formula,seed,selection_seconds,sites,status,topology,total_expenditure
3196.115905048411,prior:asymmetric:r000,1329.6042216289688,prior:asymmetric:r000,3743.549910514767,0.0,0.5032239193034355,2214.743796207992,3544.348017836961,0.13296042216289686,0.22147437962079916,12,90000007 + environment_seed * 101 + sample_index,46000,26.100995154003613,8,optimal,asymmetric,2817.4953968263626
3196.115905048411,prior:asymmetric:r000,931.3521316653337,prior:asymmetric:r000,3683.3719438168046,0.0,0.556171986802765,2612.9958861716273,3544.348017836961,0.09313521316653335,0.2612995886171627,24,90000007 + environment_seed * 101 + sample_index,46000,87.14331524202134,8,optimal,asymmetric,2948.7239818560233
3196.115905048411,prior:asymmetric:r000,1143.275448871621,prior:asymmetric:r000,3527.4413790831045,0.007118229857052928,0.5280755658533766,2401.07256896534,3544.348017836961,0.11432754488716207,0.24010725689653395,48,90000007 + environment_seed * 101 + sample_index,46000,603.8903054959374,8,time_limit,asymmetric,2879.683089568426
3244.427214940361,prior:asymmetric:r001,723.145814286403,prior:asymmetric:r001,3437.317052139,0.0,0.5870110877615626,2865.5806829198523,3588.7264972062553,0.07231458142864029,0.28655806829198516,12,90000007 + environment_seed * 101 + sample_index,46001,63.949445344973356,8,optimal,asymmetric,3004.530194695774
3244.427214940361,prior:asymmetric:r001,872.2924003301164,prior:asymmetric:r001,3401.3543363489175,0.0,0.5674920319560204,2716.434096876139,3588.7264972062553,0.08722924003301162,0.27164340968761386,24,90000007 + environment_seed * 101 + sample_index,46001,464.99001749104355,7,optimal,asymmetric,2958.486222684066
3244.427214940361,prior:asymmetric:r001,770.1582559825392,prior:asymmetric:r001,3305.5449540857185,0.014955174464228806,0.5934726164736797,2818.568241223716,3588.7264972062553,0.07701582559825391,0.28185682412237156,48,90000007 + environment_seed * 101 + sample_index,46001,601.719191824086,8,time_limit,asymmetric,3116.1579235130816
3183.477432945501,prior:asymmetric:r002,360.3652783854318,prior:asymmetric:r002,3455.0635159988856,0.0,0.638545051946162,3296.288377283788,3656.65365566922,0.036036527838543185,0.32962883772837887,12,90000007 + environment_seed * 101 + sample_index,46002,65.01842915394809,8,optimal,asymmetric,3089.1621421778314
3183.477432945501,prior:asymmetric:r002,314.28446843069696,prior:asymmetric:r002,3448.320104907177,0.0,0.6440908929079893,3342.369187238523,3656.65365566922,0.0314284468430697,0.33423691872385236,24,90000007 + environment_seed * 101 + sample_index,46002,67.34111824107822,8,optimal,asymmetric,3098.53974184137
3183.477432945501,prior:asymmetric:r002,313.6588339990676,prior:asymmetric:r002,3438.2475009934083,0.0,0.6440640622137928,3342.9948216701523,3656.65365566922,0.031365883399906765,0.33429948216701527,48,90000007 + environment_seed * 101 + sample_index,46002,394.96132985607255,8,optimal,asymmetric,3097.645800467776
3169.1829813203967,prior:asymmetric:r003,113.66025348162611,prior:asymmetric:r003,3581.9966193237105,0.0,0.7097114803961178,3996.976940822366,4110.637194303992,0.011366025348162612,0.3996976940822366,12,90000007 + environment_seed * 101 + sample_index,46003,96.79666137008462,6,optimal,asymmetric,3100.13786313881
3169.1829813203967,prior:asymmetric:r003,221.05075434613445,prior:asymmetric:r003,3391.846789089706,0.008148756135280216,0.7009085480699576,3889.5864399578577,4110.637194303992,0.022105075434613444,0.3889586439957858,24,90000007 + environment_seed * 101 + sample_index,46003,601.13414117496,8,time_limit,asymmetric,3119.49904074172
3169.1829813203967,prior:asymmetric:r003,336.47562603457845,prior:asymmetric:r003,3371.0776368247657,0.02095434192843589,0.6839318849860646,3774.1615682694137,4110.637194303992,0.033647562603457845,0.37741615682694135,48,90000007 + environment_seed * 101 + sample_index,46003,602.1273639249848,7,time_limit,asymmetric,3065.1572815912323
3206.816852374733,prior:asymmetric:r004,29.927380072157575,prior:asymmetric:r004,3568.766460879344,0.0,0.6880927560392103,3674.1107080173706,3704.038088089528,0.002992738007215757,0.367411070801737,12,90000007 + environment_seed * 101 + sample_index,46004,31.363818905083463,8,optimal,asymmetric,3206.8168523747327
3206.816852374733,prior:asymmetric:r004,177.37699041992892,prior:asymmetric:r004,3472.749201877185,0.0,0.6669100927614549,3526.6610976695993,3704.038088089528,0.017737699041992887,0.35266610976695983,24,90000007 + environment_seed * 101 + sample_index,46004,57.64265030599199,8,optimal,asymmetric,3142.4398299449495
3206.816852374733,prior:asymmetric:r004,76.21851284170907,prior:asymmetric:r004,3407.2828184908976,0.0,0.6834636427622552,3627.819575247819,3704.038088089528,0.007621851284170905,0.3627819575247818,48,90000007 + environment_seed * 101 + sample_index,46004,329.0922019430436,8,optimal,asymmetric,3206.816852374733
3155.7489843529984,prior:multi_hotspot:r000,289.69062950487114,prior:multi_hotspot:r000,3784.4941653489027,0.0,0.7162676358971816,4006.9273746188173,4296.6180041236885,0.02896906295048711,0.40069273746188167,12,90000007 + environment_seed * 101 + sample_index,46000,208.97085938602686,8,optimal,multi_hotspot,3155.7489843529984
3155.7489843529984,prior:multi_hotspot:r000,617.723903976108,prior:multi_hotspot:r000,3664.573334826727,0.01363624549102239,0.6759997676077902,3678.8941001475805,4296.6180041236885,0.06177239039761079,0.367889410014758,24,90000007 + environment_seed * 101 + sample_index,46000,601.8767169489292,8,time_limit,multi_hotspot,3081.103575930322
3155.7489843529984,prior:multi_hotspot:r000,392.5172745861214,prior:multi_hotspot:r000,3666.775616281126,0.019403519103040234,0.690691494201969,3904.100729537567,4296.6180041236885,0.039251727458612135,0.3904100729537566,48,90000007 + environment_seed * 101 + sample_index,46000,603.294378808001,7,time_limit,multi_hotspot,3002.814212482123
3168.528476590911,prior:multi_hotspot:r001,877.8841749152098,prior:multi_hotspot:r001,3618.015568405783,0.0,0.6389230902830616,3432.1204481066516,4310.004623021861,0.08778841749152094,0.34321204481066503,12,90000007 + environment_seed * 101 + sample_index,46001,62.935290149995126,7,optimal,multi_hotspot,2957.1104547239647
3168.528476590911,prior:multi_hotspot:r001,1388.771249428537,prior:multi_hotspot:r001,3555.6564158398996,0.0,0.5837247253632739,2921.2333735933244,4310.004623021861,0.13887712494285365,0.2921233373593323,24,90000007 + environment_seed * 101 + sample_index,46001,161.39849938603584,7,optimal,multi_hotspot,2916.013880039416
3168.528476590911,prior:multi_hotspot:r001,768.5731396347328,prior:multi_hotspot:r001,3676.4269687996507,0.0,0.6520820601252337,3541.4314833871285,4310.004623021861,0.07685731396347326,0.35414314833871274,48,90000007 + environment_seed * 101 + sample_index,46001,514.0433796080761,7,optimal,multi_hotspot,2979.38911786521
3138.709470594581,prior:multi_hotspot:r002,417.5906244441235,prior:multi_hotspot:r002,3849.7628176825924,0.0,0.6881825731945093,3862.4702102961814,4280.060834740305,0.04175906244441234,0.38624702102961805,12,90000007 + environment_seed * 101 + sample_index,46002,57.31089401396457,7,optimal,multi_hotspot,3019.3555216489117
3138.709470594581,prior:multi_hotspot:r002,164.72792837789075,prior:multi_hotspot:r002,3844.55647355841,0.0,0.7236873455773578,4115.332906362414,4280.060834740305,0.01647279283778907,0.41153329063624133,24,90000007 + environment_seed * 101 + sample_index,46002,143.85425353399478,8,optimal,multi_hotspot,3121.5405494111637
3138.709470594581,prior:multi_hotspot:r002,417.5906244441235,prior:multi_hotspot:r002,3843.9946964479755,0.014647201302550178,0.6881825731945093,3862.4702102961814,4280.060834740305,0.04175906244441234,0.38624702102961805,48,90000007 + environment_seed * 101 + sample_index,46002,602.3142809539568,7,time_limit,multi_hotspot,3019.3555216489117
3111.370362808142,prior:multi_hotspot:r003,310.79414279438606,prior:multi_hotspot:r003,4360.169653989679,0.0,0.7458673266807826,4371.701420730824,4682.49556352521,0.03107941427943861,0.43717014207308247,12,90000007 + environment_seed * 101 + sample_index,46003,201.36839719500858,7,optimal,multi_hotspot,3086.971846077002
3111.370362808142,prior:multi_hotspot:r003,784.3987300143021,prior:multi_hotspot:r003,4211.207441795524,0.0,0.6865568172666493,3898.096833510908,4682.49556352521,0.07843987300143022,0.38980968335109084,24,90000007 + environment_seed * 101 + sample_index,46003,206.49938590300735,7,optimal,multi_hotspot,2967.4713391555865
3111.370362808142,prior:multi_hotspot:r003,784.3987300143021,prior:multi_hotspot:r003,4172.072481424292,0.015587193450919218,0.6865568172666493,3898.096833510908,4682.49556352521,0.07843987300143022,0.38980968335109084,48,90000007 + environment_seed * 101 + sample_index,46003,1203.556678442983,7,time_limit,multi_hotspot,2967.4713391555865
3191.33504878628,prior:multi_hotspot:r004,538.0507306093177,prior:multi_hotspot:r004,3848.196123214208,0.0,0.6322392823029018,3261.3850725245247,3799.4358031338425,0.053805073060931755,0.32613850725245236,12,90000007 + environment_seed * 101 + sample_index,46004,112.36095992603805,7,optimal,multi_hotspot,3061.0077505044937
3191.33504878628,prior:multi_hotspot:r004,1357.0244828801406,prior:multi_hotspot:r004,3928.6063172537165,0.0,0.5271961798233993,2442.411320253702,3799.4358031338425,0.135702448288014,0.2442411320253701,24,90000007 + environment_seed * 101 + sample_index,46004,495.16133566002827,6,optimal,multi_hotspot,2829.5504779802914
3191.33504878628,prior:multi_hotspot:r004,536.6771561671299,prior:multi_hotspot:r004,3873.9651744379994,0.016707037710648815,0.6328562772676225,3262.7586469667126,3799.4358031338425,0.05366771561671296,0.32627586469667114,48,90000007 + environment_seed * 101 + sample_index,46004,603.1388742760755,7,time_limit,multi_hotspot,3065.8041257095115
3142.3418815973255,prior:regular:r000,43.180644652479714,prior:regular:r000,4457.050929410968,0.0,0.7816994049747878,4674.667873889977,4717.848518542457,0.004318064465247971,0.4674667873889977,12,90000007 + environment_seed * 101 + sample_index,46000,8.139016021043062,7,optimal,regular,3142.326175857899
3142.3418815973255,prior:regular:r000,213.02172926573803,prior:regular:r000,4354.274487613192,0.0,0.7647168670874044,4504.826789276719,4717.848518542457,0.0213021729265738,0.4504826789276719,24,90000007 + environment_seed * 101 + sample_index,46000,107.99282851605676,8,optimal,regular,3142.3418815973255
3142.3418815973255,prior:regular:r000,164.90871121363762,prior:regular:r000,4318.626492389827,0.0,0.7683308316362685,4552.939807328819,4717.848518542457,0.01649087112136376,0.45529398073288196,48,90000007 + environment_seed * 101 + sample_index,46000,426.176832980942,7,optimal,regular,3130.368509033866
3111.8720225637217,prior:regular:r001,570.15477952108,prior:regular:r001,4177.005983346473,0.0,0.7079812641916929,4051.5764155502156,4621.731195071296,0.05701547795210799,0.40515764155502154,12,90000007 + environment_seed * 101 + sample_index,46001,69.02812416804954,7,optimal,regular,3028.2362263667137
3111.8720225637217,prior:regular:r001,797.4252348372738,prior:regular:r001,4012.770607239346,0.0,0.6810729731825556,3824.3059602340218,4621.731195071296,0.07974252348372739,0.3824305960234022,24,90000007 + environment_seed * 101 + sample_index,46001,511.4311586789554,7,optimal,regular,2986.4237715915333
3111.8720225637217,prior:regular:r001,492.67539477416904,prior:regular:r001,4047.64812277495,0.01832924173424699,0.7190532652398542,4129.055800297127,4621.731195071296,0.049267539477416904,0.41290558002971267,48,90000007 + environment_seed * 101 + sample_index,46001,602.6644177300623,7,time_limit,regular,3061.4768521014157
3154.0781847281814,prior:regular:r002,168.816828101184,prior:regular:r002,4077.2654308302076,0.0,0.7354885900308155,4225.513272922923,4394.330101024107,0.01688168281011839,0.42255132729229206,12,90000007 + environment_seed * 101 + sample_index,46002,71.3343627830036,7,optimal,regular,3129.3726273852317
3154.0781847281814,prior:regular:r002,164.75905672491717,prior:regular:r002,4069.89112178468,0.0,0.7333232805404527,4229.571044299189,4394.330101024107,0.016475905672491707,0.42295710442991874,24,90000007 + environment_seed * 101 + sample_index,46002,314.49224487307947,7,optimal,regular,3103.6617611053366
3154.0781847281814,prior:regular:r002,55.87538177512033,prior:regular:r002,4045.967029294996,0.00787591194354767,0.7492532903977168,4338.454719248986,4394.330101024107,0.00558753817751203,0.4338454719248984,48,90000007 + environment_seed * 101 + sample_index,46002,603.5610046329675,7,time_limit,regular,3154.0781847281814
3174.9387444500244,prior:regular:r003,139.15526090939238,prior:regular:r003,3922.7592849254943,0.0,0.6697264986803562,3668.778065352164,3807.9333262615564,0.013915526090939238,0.3668778065352164,12,90000007 + environment_seed * 101 + sample_index,46003,79.61518666706979,7,optimal,regular,3028.4869214513983
3174.9387444500244,prior:regular:r003,132.2943846359408,prior:regular:r003,3813.777079612332,0.0,0.6738725859071377,3675.6389416256156,3807.9333262615564,0.01322943846359408,0.3675638941625616,24,90000007 + environment_seed * 101 + sample_index,46003,299.0311722110491,7,optimal,regular,3063.0869174457625
3174.9387444500244,prior:regular:r003,268.5404755003574,prior:regular:r003,3913.122918870596,0.007994180217910141,0.6578475485277189,3539.392850761199,3807.9333262615564,0.026854047550035738,0.3539392850761199,48,90000007 + environment_seed * 101 + sample_index,46003,602.1244455500273,7,time_limit,regular,3039.0826345159894
3251.3924894488587,prior:regular:r004,262.9258836846275,prior:regular:r004,4249.621269502807,0.0,0.7461654040555596,4286.496585494624,4549.4224691792515,0.02629258836846274,0.4286496585494623,12,90000007 + environment_seed * 101 + sample_index,46004,14.717954920954071,7,optimal,regular,3175.1574550609716
3251.3924894488587,prior:regular:r004,262.9258836846275,prior:regular:r004,4100.641017171539,0.0,0.7461654040555596,4286.496585494624,4549.4224691792515,0.02629258836846274,0.4286496585494623,24,90000007 + environment_seed * 101 + sample_index,46004,55.456277843913995,7,optimal,regular,3175.1574550609716
3251.3924894488587,prior:regular:r004,262.9258836846275,prior:regular:r004,4104.136598911728,0.0,0.7461654040555596,4286.496585494624,4549.4224691792515,0.02629258836846274,0.4286496585494623,48,90000007 + environment_seed * 101 + sample_index,46004,289.4554964869749,7,optimal,regular,3175.1574550609716
