area_id,site_id,resolved_support
A000,L000,0
A000,L001,0
A000,L002,0
A000,L003,0
A000,L004,0
A000,L005,0
A000,L006,0
A000,L007,0
A000,L008,0
A000,L009,0
A000,L010,0
A000,L011,0
A000,L012,0
A000,L013,0
A000,L014,0
A000,L015,0
A000,L016,0
A000,L017,0
A000,L018,0
A000,L019,0
A000,L020,0
A000,L021,0
A000,L022,0
A000,L023,0
A000,L024,0
A000,L025,1
A000,L026,0
A000,L027,0
A000,L028,0
A000,L029,0
A000,L030,0
A000,L031,0
A000,L032,0
A000,L033,0
A000,L034,0
A000,L035,0
A000,R000,0
A000,R001,0
A000,R002,0
A000,R003,0
A000,R004,0
A000,R005,0
A000,R006,0
A000,R007,0
A000,R008,0
A000,C000,0
A000,C001,0
A000,C002,0
A001,L000,0
A001,L001,0
A001,L002,0
A001,L003,0
A001,L004,1
A001,L005,0
A001,L006,0
A001,L007,0
A001,L008,0
A001,L009,0
A001,L010,1
A001,L011,0
A001,L012,0
A001,L013,0
A001,L014,0
A001,L015,0
A001,L016,0
A001,L017,0
A001,L018,0
A001,L019,0
A001,L020,0
A001,L021,0
A001,L022,0
A001,L023,0
A001,L024,0
A001,L025,1
A001,L026,0
A001,L027,0
A001,L028,0
A001,L029,0
A001,L030,0
A001,L031,0
A001,L032,0
A001,L033,1
A001,L034,0
A001,L035,0
A001,R000,0
A001,R001,0
A001,R002,1
A001,R003,0
A001,R004,0
A001,R005,0
A001,R006,0
A001,R007,0
A001,R008,0
A001,C000,0
A001,C001,0
A001,C002,0
A002,L000,0
A002,L001,0
A002,L002,1
A002,L003,1
A002,L004,1
A002,L005,1
A002,L006,0
A002,L007,0
A002,L008,0
A002,L009,1
A002,L010,1
A002,L011,0
A002,L012,0
A002,L013,0
A002,L014,0
A002,L015,1
A002,L016,0
A002,L017,0
A002,L018,0
A002,L019,0
A002,L020,0
A002,L021,0
A002,L022,0
A002,L023,0
A002,L024,0
A002,L025,1
A002,L026,0
A002,L027,1
A002,L028,0
A002,L029,1
A002,L030,0
A002,L031,0
A002,L032,1
A002,L033,1
A002,L034,1
A002,L035,0
A002,R000,0
A002,R001,1
A002,R002,1
A002,R003,0
A002,R004,0
A002,R005,0
A002,R006,0
A002,R007,0
A002,R008,0
A002,C000,0
A002,C001,1
A002,C002,1
A003,L000,0
A003,L001,0
A003,L002,1
A003,L003,1
A003,L004,1
A003,L005,1
A003,L006,0
A003,L007,1
A003,L008,0
A003,L009,1
A003,L010,1
A003,L011,1
A003,L012,0
A003,L013,0
A003,L014,1
A003,L015,1
A003,L016,1
A003,L017,1
A003,L018,0
A003,L019,0
A003,L020,0
A003,L021,1
A003,L022,1
A003,L023,0
A003,L024,0
A003,L025,1
A003,L026,1
A003,L027,1
A003,L028,0
A003,L029,1
A003,L030,0
A003,L031,1
A003,L032,1
A003,L033,1
A003,L034,1
A003,L035,1
A003,R000,0
A003,R001,1
A003,R002,1
A003,R003,1
A003,R004,1
A003,R005,1
A003,R006,0
A003,R007,0
A003,R008,0
A003,C000,0
A003,C001,1
A003,C002,1
A004,L000,0
A004,L001,1
A004,L002,1
A004,L003,1
A004,L004,1
A004,L005,1
A004,L006,0
A004,L007,1
A004,L008,0
A004,L009,1
A004,L010,1
A004,L011,1
A004,L012,0
A004,L013,1
A004,L014,1
A004,L015,1
A004,L016,1
A004,L017,1
A004,L018,0
A004,L019,1
A004,L020,0
A004,L021,0
A004,L022,0
A004,L023,0
A004,L024,0
A004,L025,0
A004,L026,1
A004,L027,1
A004,L028,0
A004,L029,1
A004,L030,0
A004,L031,0
A004,L032,1
A004,L033,1
A004,L034,1
A004,L035,1
A004,R000,0
A004,R001,1
A004,R002,1
A004,R003,1
A004,R004,1
A004,R005,0
A004,R006,0
A004,R007,0
A004,R008,0
A004,C000,0
A004,C001,1
A004,C002,1
A005,L000,0
A005,L001,0
A005,L002,1
A005,L003,1
A005,L004,1
A005,L005,1
A005,L006,0
A005,L007,0
A005,L008,0
A005,L009,1
A005,L010,1
A005,L011,0
A005,L012,0
A005,L013,0
A005,L014,0
A005,L015,1
A005,L016,0
A005,L017,0
A005,L018,0
A005,L019,0
A005,L020,0
A005,L021,0
A005,L022,0
A005,L023,0
A005,L024,0
A005,L025,0
A005,L026,1
A005,L027,1
A005,L028,0
A005,L029,1
A005,L030,0
A005,L031,0
A005,L032,0
A005,L033,1
A005,L034,1
A005,L035,0
A005,R000,0
A005,R001,1
A005,R002,1
A005,R003,0
A005,R004,1
A005,R005,0
A005,R006,0
A005,R007,0
A005,R008,0
A005,C000,0
A005,C001,0
A005,C002,1
A006,L000,0
A006,L001,0
A006,L002,0
A006,L003,0
A006,L004,0
A006,L005,0
A006,L006,0
A006,L007,0
A006,L008,0
A006,L009,0
A006,L010,0
A006,L011,0
A006,L012,0
A006,L013,0
A006,L014,0
A006,L015,0
A006,L016,0
A006,L017,0
A006,L018,0
A006,L019,0
A006,L020,0
A006,L021,0
A006,L022,0
A006,L023,0
A006,L024,0
A006,L025,1
A006,L026,0
A006,L027,0
A006,L028,0
A006,L029,0
A006,L030,0
A006,L031,0
A006,L032,0
A006,L033,0
A006,L034,0
A006,L035,0
A006,R000,0
A006,R001,0
A006,R002,0
A006,R003,0
A006,R004,0
A006,R005,0
A006,R006,0
A006,R007,0
A006,R008,0
A006,C000,0
A006,C001,0
A006,C002,0
A007,L000,0
A007,L001,0
A007,L002,0
A007,L003,0
A007,L004,0
A007,L005,0
A007,L006,0
A007,L007,0
A007,L008,0
A007,L009,1
A007,L010,0
A007,L011,0
A007,L012,0
A007,L013,0
A007,L014,0
A007,L015,0
A007,L016,0
A007,L017,0
A007,L018,0
A007,L019,0
A007,L020,0
A007,L021,0
A007,L022,0
A007,L023,0
A007,L024,0
A007,L025,0
A007,L026,1
A007,L027,0
A007,L028,0
A007,L029,0
A007,L030,0
A007,L031,1
A007,L032,0
A007,L033,0
A007,L034,0
A007,L035,0
A007,R000,0
A007,R001,1
A007,R002,1
A007,R003,1
A007,R004,0
A007,R005,0
A007,R006,0
A007,R007,0
A007,R008,0
A007,C000,0
A007,C001,0
A007,C002,0
A008,L000,0
A008,L001,0
A008,L002,1
A008,L003,1
A008,L004,1
A008,L005,0
A008,L006,0
A008,L007,0
A008,L008,0
A008,L009,1
A008,L010,1
A008,L011,0
A008,L012,0
A008,L013,0
A008,L014,0
A008,L015,0
A008,L016,1
A008,L017,0
A008,L018,0
A008,L019,0
A008,L020,0
A008,L021,0
A008,L022,0
A008,L023,0
A008,L024,0
A008,L025,0
A008,L026,1
A008,L027,1
A008,L028,0
A008,L029,0
A008,L030,0
A008,L031,1
A008,L032,1
A008,L033,1
A008,L034,0
A008,L035,0
A008,R000,0
A008,R001,1
A008,R002,1
A008,R003,1
A008,R004,0
A008,R005,0
A008,R006,0
A008,R007,0
A008,R008,0
A008,C000,0
A008,C001,1
A008,C002,1
A009,L000,0
A009,L001,0
A009,L002,1
A009,L003,1
A009,L004,1
A009,L005,1
A009,L006,0
A009,L007,1
A009,L008,0
A009,L009,1
A009,L010,1
A009,L011,1
A009,L012,0
A009,L013,1
A009,L014,1
A009,L015,1
A009,L016,1
A009,L017,1
A009,L018,0
A009,L019,1
A009,L020,0
A009,L021,0
A009,L022,0
A009,L023,0
A009,L024,0
A009,L025,0
A009,L026,1
A009,L027,1
A009,L028,0
A009,L029,1
A009,L030,0
A009,L031,0
A009,L032,1
A009,L033,1
A009,L034,1
A009,L035,1
A009,R000,0
A009,R001,1
A009,R002,1
A009,R003,1
A009,R004,1
A009,R005,1
A009,R006,0
A009,R007,0
A009,R008,0
A009,C000,0
A009,C001,1
A009,C002,1
A010,L000,0
A010,L001,0
A010,L002,1
A010,L003,1
A010,L004,1
A010,L005,1
A010,L006,0
A010,L007,0
A010,L008,0
A010,L009,1
A010,L010,1
A010,L011,1
A010,L012,0
A010,L013,0
A010,L014,1
A010,L015,1
A010,L016,1
A010,L017,1
A010,L018,0
A010,L019,0
A010,L020,0
A010,L021,0
A010,L022,0
A010,L023,0
A010,L024,0
A010,L025,0
A010,L026,1
A010,L027,1
A010,L028,0
A010,L029,0
A010,L030,0
A010,L031,1
A010,L032,1
A010,L033,1
A010,L034,1
A010,L035,1
A010,R000,0
A010,R001,1
A010,R002,1
A010,R003,0
A010,R004,1
A010,R005,0
A010,R006,0
A010,R007,0
A010,R008,0
A010,C000,0
A010,C001,0
A010,C002,1
A011,L000,0
A011,L001,0
A011,L002,0
A011,L003,1
A011,L004,1
A011,L005,0
A011,L006,0
A011,L007,0
A011,L008,0
A011,L009,1
A011,L010,1
A011,L011,0
A011,L012,0
A011,L013,0
A011,L014,0
A011,L015,1
A011,L016,1
A011,L017,0
A011,L018,0
A011,L019,0
A011,L020,0
A011,L021,0
A011,L022,0
A011,L023,0
A011,L024,0
A011,L025,0
A011,L026,0
A011,L027,1
A011,L028,0
A011,L029,0
A011,L030,0
A011,L031,0
A011,L032,0
A011,L033,1
A011,L034,1
A011,L035,1
A011,R000,0
A011,R001,1
A011,R002,1
A011,R003,0
A011,R004,0
A011,R005,1
A011,R006,0
A011,R007,1
A011,R008,0
A011,C000,0
A011,C001,0
A011,C002,1
A012,L000,0
A012,L001,0
A012,L002,0
A012,L003,0
A012,L004,0
A012,L005,0
A012,L006,0
A012,L007,0
A012,L008,0
A012,L009,0
A012,L010,0
A012,L011,0
A012,L012,0
A012,L013,0
A012,L014,0
A012,L015,0
A012,L016,0
A012,L017,0
A012,L018,0
A012,L019,0
A012,L020,0
A012,L021,0
A012,L022,0
A012,L023,0
A012,L024,0
A012,L025,0
A012,L026,1
A012,L027,0
A012,L028,0
A012,L029,0
A012,L030,0
A012,L031,1
A012,L032,0
A012,L033,0
A012,L034,0
A012,L035,0
A012,R000,0
A012,R001,1
A012,R002,0
A012,R003,1
A012,R004,0
A012,R005,0
A012,R006,0
A012,R007,0
A012,R008,0
A012,C000,0
A012,C001,0
A012,C002,0
A013,L000,0
A013,L001,0
A013,L002,0
A013,L003,0
A013,L004,0
A013,L005,0
A013,L006,0
A013,L007,1
A013,L008,0
A013,L009,0
A013,L010,0
A013,L011,0
A013,L012,0
A013,L013,1
A013,L014,0
A013,L015,0
A013,L016,0
A013,L017,0
A013,L018,0
A013,L019,1
A013,L020,0
A013,L021,0
A013,L022,0
A013,L023,0
A013,L024,0
A013,L025,0
A013,L026,0
A013,L027,0
A013,L028,0
A013,L029,0
A013,L030,0
A013,L031,0
A013,L032,0
A013,L033,0
A013,L034,0
A013,L035,0
A013,R000,0
A013,R001,0
A013,R002,0
A013,R003,1
A013,R004,1
A013,R005,0
A013,R006,0
A013,R007,0
A013,R008,0
A013,C000,0
A013,C001,0
A013,C002,0
A014,L000,0
A014,L001,0
A014,L002,0
A014,L003,1
A014,L004,1
A014,L005,0
A014,L006,0
A014,L007,0
A014,L008,0
A014,L009,0
A014,L010,1
A014,L011,0
A014,L012,0
A014,L013,0
A014,L014,0
A014,L015,0
A014,L016,0
A014,L017,0
A014,L018,0
A014,L019,0
A014,L020,0
A014,L021,0
A014,L022,0
A014,L023,0
A014,L024,0
A014,L025,0
A014,L026,0
A014,L027,1
A014,L028,0
A014,L029,0
A014,L030,0
A014,L031,0
A014,L032,0
A014,L033,0
A014,L034,0
A014,L035,0
A014,R000,0
A014,R001,1
A014,R002,0
A014,R003,0
A014,R004,1
A014,R005,0
A014,R006,0
A014,R007,0
A014,R008,0
A014,C000,0
A014,C001,0
A014,C002,0
A015,L000,0
A015,L001,0
A015,L002,1
A015,L003,1
A015,L004,1
A015,L005,0
A015,L006,0
A015,L007,0
A015,L008,0
A015,L009,1
A015,L010,1
A015,L011,0
A015,L012,0
A015,L013,0
A015,L014,0
A015,L015,1
A015,L016,1
A015,L017,0
A015,L018,0
A015,L019,0
A015,L020,0
A015,L021,0
A015,L022,0
A015,L023,0
A015,L024,0
A015,L025,0
A015,L026,0
A015,L027,1
A015,L028,0
A015,L029,0
A015,L030,0
A015,L031,0
A015,L032,0
A015,L033,1
A015,L034,1
A015,L035,1
A015,R000,0
A015,R001,0
A015,R002,1
A015,R003,0
A015,R004,0
A015,R005,1
A015,R006,0
A015,R007,1
A015,R008,0
A015,C000,0
A015,C001,1
A015,C002,1
A016,L000,0
A016,L001,0
A016,L002,0
A016,L003,1
A016,L004,1
A016,L005,0
A016,L006,0
A016,L007,0
A016,L008,0
A016,L009,0
A016,L010,1
A016,L011,0
A016,L012,0
A016,L013,0
A016,L014,0
A016,L015,1
A016,L016,1
A016,L017,0
A016,L018,0
A016,L019,0
A016,L020,0
A016,L021,0
A016,L022,0
A016,L023,0
A016,L024,0
A016,L025,0
A016,L026,0
A016,L027,0
A016,L028,0
A016,L029,0
A016,L030,0
A016,L031,0
A016,L032,0
A016,L033,1
A016,L034,0
A016,L035,1
A016,R000,0
A016,R001,0
A016,R002,0
A016,R003,0
A016,R004,0
A016,R005,1
A016,R006,0
A016,R007,1
A016,R008,0
A016,C000,0
A016,C001,0
A016,C002,0
A017,L000,0
A017,L001,0
A017,L002,0
A017,L003,1
A017,L004,1
A017,L005,0
A017,L006,0
A017,L007,0
A017,L008,0
A017,L009,1
A017,L010,0
A017,L011,0
A017,L012,0
A017,L013,0
A017,L014,0
A017,L015,0
A017,L016,0
A017,L017,0
A017,L018,0
A017,L019,0
A017,L020,0
A017,L021,0
A017,L022,1
A017,L023,0
A017,L024,0
A017,L025,0
A017,L026,0
A017,L027,1
A017,L028,0
A017,L029,0
A017,L030,0
A017,L031,0
A017,L032,0
A017,L033,0
A017,L034,0
A017,L035,0
A017,R000,0
A017,R001,0
A017,R002,0
A017,R003,0
A017,R004,0
A017,R005,1
A017,R006,0
A017,R007,1
A017,R008,0
A017,C000,0
A017,C001,0
A017,C002,0
A018,L000,0
A018,L001,0
A018,L002,0
A018,L003,0
A018,L004,0
A018,L005,0
A018,L006,0
A018,L007,1
A018,L008,0
A018,L009,0
A018,L010,0
A018,L011,0
A018,L012,0
A018,L013,1
A018,L014,0
A018,L015,0
A018,L016,0
A018,L017,0
A018,L018,0
A018,L019,1
A018,L020,0
A018,L021,0
A018,L022,0
A018,L023,0
A018,L024,0
A018,L025,0
A018,L026,0
A018,L027,0
A018,L028,0
A018,L029,0
A018,L030,0
A018,L031,0
A018,L032,0
A018,L033,0
A018,L034,0
A018,L035,0
A018,R000,0
A018,R001,0
A018,R002,0
A018,R003,1
A018,R004,1
A018,R005,0
A018,R006,0
A018,R007,0
A018,R008,0
A018,C000,0
A018,C001,0
A018,C002,0
A019,L000,0
A019,L001,0
A019,L002,0
A019,L003,1
A019,L004,1
A019,L005,0
A019,L006,0
A019,L007,0
A019,L008,0
A019,L009,0
A019,L010,1
A019,L011,0
A019,L012,0
A019,L013,0
A019,L014,0
A019,L015,0
A019,L016,0
A019,L017,0
A019,L018,0
A019,L019,0
A019,L020,0
A019,L021,0
A019,L022,0
A019,L023,0
A019,L024,0
A019,L025,0
A019,L026,0
A019,L027,1
A019,L028,0
A019,L029,0
A019,L030,0
A019,L031,0
A019,L032,0
A019,L033,0
A019,L034,0
A019,L035,0
A019,R000,0
A019,R001,1
A019,R002,0
A019,R003,0
A019,R004,1
A019,R005,0
A019,R006,0
A019,R007,0
A019,R008,0
A019,C000,0
A019,C001,0
A019,C002,0
A020,L000,0
A020,L001,0
A020,L002,0
A020,L003,0
A020,L004,0
A020,L005,0
A020,L006,0
A020,L007,0
A020,L008,0
A020,L009,0
A020,L010,1
A020,L011,0
A020,L012,0
A020,L013,0
A020,L014,0
A020,L015,1
A020,L016,1
A020,L017,0
A020,L018,0
A020,L019,0
A020,L020,0
A020,L021,0
A020,L022,0
A020,L023,0
A020,L024,0
A020,L025,0
A020,L026,0
A020,L027,0
A020,L028,0
A020,L029,0
A020,L030,0
A020,L031,0
A020,L032,0
A020,L033,0
A020,L034,0
A020,L035,1
A020,R000,0
A020,R001,0
A020,R002,0
A020,R003,0
A020,R004,0
A020,R005,1
A020,R006,0
A020,R007,1
A020,R008,0
A020,C000,0
A020,C001,0
A020,C002,0
A021,L000,0
A021,L001,0
A021,L002,0
A021,L003,0
A021,L004,0
A021,L005,0
A021,L006,0
A021,L007,0
A021,L008,0
A021,L009,0
A021,L010,0
A021,L011,0
A021,L012,0
A021,L013,0
A021,L014,0
A021,L015,0
A021,L016,0
A021,L017,0
A021,L018,0
A021,L019,0
A021,L020,0
A021,L021,0
A021,L022,1
A021,L023,0
A021,L024,0
A021,L025,0
A021,L026,0
A021,L027,0
A021,L028,0
A021,L029,0
A021,L030,0
A021,L031,0
A021,L032,0
A021,L033,0
A021,L034,0
A021,L035,0
A021,R000,0
A021,R001,0
A021,R002,0
A021,R003,0
A021,R004,0
A021,R005,1
A021,R006,0
A021,R007,1
A021,R008,0
A021,C000,0
A021,C001,0
A021,C002,0
A022,L000,0
A022,L001,0
A022,L002,0
A022,L003,0
A022,L004,0
A022,L005,0
A022,L006,0
A022,L007,0
A022,L008,0
A022,L009,0
A022,L010,0
A022,L011,0
A022,L012,0
A022,L013,0
A022,L014,0
A022,L015,0
A022,L016,0
A022,L017,0
A022,L018,0
A022,L019,0
A022,L020,0
A022,L021,0
A022,L022,1
A022,L023,0
A022,L024,0
A022,L025,0
A022,L026,0
A022,L027,0
A022,L028,0
A022,L029,0
A022,L030,0
A022,L031,0
A022,L032,0
A022,L033,0
A022,L034,0
A022,L035,0
A022,R000,0
A022,R001,0
A022,R002,0
A022,R003,0
A022,R004,0
A022,R005,1
A022,R006,0
A022,R007,1
A022,R008,0
A022,C000,0
A022,C001,0
A022,C002,0
A023,L000,0
A023,L001,0
A023,L002,0
A023,L003,0
A023,L004,0
A023,L005,0
A023,L006,0
A023,L007,0
A023,L008,0
A023,L009,0
A023,L010,0
A023,L011,0
A023,L012,0
A023,L013,0
A023,L014,0
A023,L015,0
A023,L016,0
A023,L017,0
A023,L018,0
A023,L019,0
A023,L020,0
A023,L021,0
A023,L022,1
A023,L023,0
A023,L024,0
A023,L025,0
A023,L026,0
A023,L027,0
A023,L028,0
A023,L029,0
A023,L030,0
A023,L031,0
A023,L032,0
A023,L033,0
A023,L034,0
A023,L035,0
A023,R000,0
A023,R001,0
A023,R002,0
A023,R003,0
A023,R004,0
A023,R005,1
A023,R006,0
A023,R007,1
A023,R008,0
A023,C000,0
A023,C001,0
A023,C002,0
