actual_supported_groups,catalog_actual_service,catalog_estimated_supported_groups,catalog_selected,ecsp,fixed_cost,id,informed_selected,informed_service,tier,variable_cost,x,y
2,0.0,18,0,0,164.3665850537215,L000,0,0.0,LOCAL,0.1947969845708838,2.4785898324384164,4.646044735576166
5,0.0,18,0,1,147.78517079195368,L001,0,0.0,LOCAL,0.17398823963829166,19.88789592359911,2.904052289408855
15,0.0,30,0,2,173.22412742878993,L002,0,0.0,LOCAL,0.2060067569276105,52.30494874430259,8.167777499938236
11,0.0,30,0,0,174.02222450337968,L003,0,0.0,LOCAL,0.16261892318379267,88.07021772895143,9.906382089953414
3,0.0,33,0,1,161.94624477194162,L004,0,0.0,LOCAL,0.20589072664078029,89.09094652353451,10.564422828618394
6,0.0,24,0,2,142.2832931695091,L005,0,0.0,LOCAL,0.1738660129037522,114.46175316151128,6.848754842590312
8,0.0,24,1,0,150.67868882105344,L006,0,0.0,LOCAL,0.16385765494703908,0.0,26.920336844276587
13,0.0,33,0,1,162.95798107714137,L007,0,0.0,LOCAL,0.2123963527732936,27.29757406338587,17.76304683078754
18,0.0,36,0,2,181.70641335285762,L008,0,0.0,LOCAL,0.19549518218086348,51.452848801538096,23.101500001038318
35,0.0,36,0,0,151.81090642662474,L009,0,0.0,LOCAL,0.21204653366607265,63.12986858799541,24.34027068025214
19,0.0,33,0,1,152.02575588797094,L010,0,0.0,LOCAL,0.17586639085723188,89.59525901871285,17.972715919383585
2,0.0,24,0,2,172.1815235578924,L011,0,0.0,LOCAL,0.21180354438252633,117.15807507351785,20.97615607585125
8,0.0,21,0,0,169.1470889907342,L012,0,0.0,LOCAL,0.20667057531048724,0.0,52.332957396805234
7,0.0,27,0,1,164.57329669330883,L013,0,0.0,LOCAL,0.2040872626109011,16.13005153903464,60.66627766269349
44,0.0,36,0,2,175.99460919909419,L014,0,0.0,LOCAL,0.17951781845515866,52.46094287677943,56.02794998917737
40,0.0,33,0,0,181.09278922592893,L015,0,0.0,LOCAL,0.19567609871458858,72.76782752586487,55.34934291521461
18,0.0,36,0,1,138.1357461568122,L016,0,0.0,LOCAL,0.17771837665546117,92.70127350593896,56.223721590389616
4,0.0,24,0,2,180.34482778786673,L017,0,0.0,LOCAL,0.18055252625322046,116.34337818200635,49.82403807342383
12,0.0,24,0,0,135.1404055483728,L018,0,0.0,LOCAL,0.19872586101779166,10.99512081264591,69.92138325578469
15,0.0,21,0,1,176.75211573521557,L019,0,0.0,LOCAL,0.1677995373286882,18.55248080685167,77.6564255645544
19,0.0,30,0,2,136.49841962740626,L020,0,0.0,LOCAL,0.20413640428397678,39.83575304239565,72.56164353036942
13,0.0,24,0,0,150.8094781304197,L021,0,0.0,LOCAL,0.20187146942259473,59.31333522763093,80.0
17,0.0,27,0,1,177.24428720547178,L022,0,0.0,LOCAL,0.16963729416519752,89.14682772086327,73.98228158627198
0,0.0,18,0,2,135.94755855749014,L023,0,0.0,LOCAL,0.16469411194492695,118.42519722026191,75.98013530063729
4,0.0,21,0,0,142.8965056701192,L024,0,0.0,LOCAL,0.20640802250045576,0.0,12.623982195625453
10,0.0,18,0,1,138.9618501789589,L025,1,439.4847163557664,LOCAL,0.17612967023471549,19.05957078684564,0.372776589165523
14,0.0,27,0,2,173.05013252038182,L026,0,0.0,LOCAL,0.16721630554303826,53.401612768093436,2.594037482607824
18,0.0,30,0,0,171.59582151915717,L027,0,0.0,LOCAL,0.16519383827573034,66.18878490386037,9.025362010360599
6,0.0,24,0,1,163.47527771452397,L028,0,0.0,LOCAL,0.17649106573693407,94.72256799326041,1.7454696634762612
4,147.16356681028162,15,1,2,136.821625761043,L029,0,0.0,LOCAL,0.16789389231643645,116.29108094659068,0.0
6,0.0,21,0,0,169.45478636833968,L030,0,0.0,LOCAL,0.20540759551151366,0.0,20.365605583307424
16,0.0,30,0,1,136.9799125817188,L031,0,0.0,LOCAL,0.19976052548624637,22.848105985948713,17.07023837704586
41,0.0,42,0,2,178.73105515851685,L032,0,0.0,LOCAL,0.218520706724405,58.252799524523425,35.791049502291294
35,0.0,33,0,0,164.89057629854173,L033,0,0.0,LOCAL,0.17069961600050643,67.18546191136326,25.195882025443446
11,0.0,30,0,1,171.4306604159937,L034,0,0.0,LOCAL,0.19156289748803182,96.98937661751705,23.341731361980436
2,0.0,24,0,2,156.71378389815882,L035,0,0.0,LOCAL,0.21439639679983663,120.0,24.08201537767925
15,962.149097747422,57,1,0,301.83411365533425,R000,0,0.0,REGIONAL,0.12824709800961032,19.2436301510808,15.947241730636332
24,977.3627207004215,72,1,1,289.10301473253804,R001,1,977.3627207004215,REGIONAL,0.13880455814625917,57.62030046668153,19.44181451577974
13,905.3594018400524,54,1,2,307.0667636234076,R002,1,905.3594018400526,REGIONAL,0.13248869138928587,102.34905106386309,11.930585043807726
31,1009.1648542733058,57,1,0,270.3898889389436,R003,1,1122.534583110053,REGIONAL,0.1534832534219721,19.58752387806089,58.12506894397126
33,836.9205832818502,72,1,1,270.55400395751514,R004,1,836.9205832818502,REGIONAL,0.1320473851725183,60.74536947597487,57.22370572541693
25,945.9932508167506,57,1,2,313.4138820221428,R005,1,945.9932508167507,REGIONAL,0.11380142462403861,97.90669326316875,58.48391134472466
14,0.0,51,0,0,311.0857827987568,R006,0,0.0,REGIONAL,0.14277665244751706,17.247887603152225,80.0
34,0.0,66,0,1,297.4868895454898,R007,0,0.0,REGIONAL,0.14847759745542238,55.590550436819214,80.0
12,0.0,51,0,2,323.115288103763,R008,0,0.0,REGIONAL,0.12177054883839587,103.35589231331411,80.0
7,0.0,12,0,0,617.3555818126924,C000,0,0.0,CENTRAL,0.08624779463991539,10.0,72.0
42,0.0,12,0,1,537.5302361154295,C001,1,2053.756265394886,CENTRAL,0.09663262717124776,60.0,40.0
2,0.0,12,0,2,520.3065874992578,C002,0,0.0,CENTRAL,0.07044510104965906,112.0,8.0
